{
    "beatmaps": [
        {
            "beatmap_id": 4222413,
            "identifier": "NM1",
            "mods": "NM",
            "sr": 6.57,
            "title": "Wo Xiang Dui Ni Shuo Baby (Yu vs. CTM Radio Mix) [THE RED ELECTRO]",
            "artist": "VAVA",
            "mapper": "__Ag",
            "beatmapset_id": 2026486
        },
        {
            "beatmap_id": 3206402,
            "identifier": "NM2",
            "mods": "NM",
            "sr": 6.96,
            "title": "Lionheart [Sh4rq_'s Heart of the Wilderness]",
            "artist": "Serenity",
            "mapper": "AdeAAa",
            "beatmapset_id": 1390922
        },
        {
            "beatmap_id": 480892,
            "identifier": "NM3",
            "mods": "NM",
            "sr": 6.95,
            "title": "Sorry Homura... I become DJ! [seXXXtra AR9,6]",
            "artist": "MAD",
            "mapper": "Akali",
            "beatmapset_id": 190793
        },
        {
            "beatmap_id": 131891,
            "identifier": "NM4",
            "mods": "NM",
            "sr": 6.87,
            "title": "The Big Black [WHO'S AFRAID OF THE BIG BLACK]",
            "artist": "The Quick Brown Fox",
            "mapper": "Blue Dragon",
            "beatmapset_id": 41823
        },
        {
            "beatmap_id": 2044749,
            "identifier": "NM5",
            "mods": "NM",
            "sr": 6.54,
            "title": "monolithize phases [aural impermanence]",
            "artist": "paraoka feat. haru*nya",
            "mapper": "Deramok",
            "beatmapset_id": 600736
        },
        {
            "beatmap_id": 2613160,
            "identifier": "HD1",
            "mods": "HD",
            "sr": 6.63,
            "title": "Hitotsu no Chikai yo, Eien no Uta to Nare [Team UK's Master]",
            "artist": "Rohi",
            "mapper": "Aistre",
            "beatmapset_id": 1257572
        },
        {
            "beatmap_id": 2490037,
            "identifier": "HD2",
            "mods": "HD",
            "sr": 6.66,
            "title": "Yubi Bouenkyou (TV Size) [IOException's Special]",
            "artist": "Nogizaka46",
            "mapper": "Dada",
            "beatmapset_id": 1193644
        },
        {
            "beatmap_id": 1937819,
            "identifier": "HR1",
            "mods": "HR",
            "sr": 6.61,
            "title": "Perfect-area complete! [BAKA!!]",
            "artist": "Aso Natsuko",
            "mapper": "gary00737",
            "beatmapset_id": 927758
        },
        {
            "beatmap_id": 3711613,
            "identifier": "HR2",
            "mods": "HR",
            "sr": 6.59,
            "title": "Cat Loving [nya~ (>w<)]",
            "artist": "Kotoha",
            "mapper": "Kotoha",
            "beatmapset_id": 1809604
        },
        {
            "beatmap_id": 3269573,
            "identifier": "DT1",
            "mods": "DT",
            "sr": 6.96,
            "title": "Bad for me [Fantasy]",
            "artist": "Official HIGE DANdism",
            "mapper": "Fsjallink",
            "beatmapset_id": 1601001
        },
        {
            "beatmap_id": 1097552,
            "identifier": "DT2",
            "mods": "DT",
            "sr": 6.99,
            "title": "Darkish [Light Insane]",
            "artist": "Aki",
            "mapper": "Lortus",
            "beatmapset_id": 514965
        },
        {
            "beatmap_id": 3292816,
            "identifier": "FM1",
            "mods": "FM",
            "sr": 6.57,
            "title": "Minchoui Nan [Stigma]",
            "artist": "MC Sniper",
            "mapper": "Luscent",
            "beatmapset_id": 1612833
        },
        {
            "beatmap_id": 1210116,
            "identifier": "FM2",
            "mods": "FM",
            "sr": 6.82,
            "title": "Spelunker [TAG4]",
            "artist": "Scognito",
            "mapper": "Nyanaro",
            "beatmapset_id": 570953
        },
        {
            "beatmap_id": 3276769,
            "identifier": "TB1",
            "mods": "TB",
            "sr": 6.77,
            "title": "FAKE PROMISE [NISEMONO]",
            "artist": "DJ SHARPNEL",
            "mapper": "Nana Abe",
            "beatmapset_id": 1604660
        }
    ]
}