1,MOG CITY
2,Lubię ich młodych.
3,Blue it
4,Retirement Home
5,Operation give Musket a team
6,Baksal
7,no idea ;3
8,:fire:**T E Z I**:fire:
9,when the bnuuy
10,Finno-Korean Hyperwar
11,:norcal:
12,sightreaders
13,Bring Back 5* Pools
14,goblin.
15,Bald Island
16,The Texas Royal Family
17,plushki
18,guh??
19,imgur.com/a/SekYkmB
20,:coldcat:
21,Waldschrein Kids
22,:bounceh:
23,THE Poopers
24,Best Friends 1
25,:MadelineSpinning:
26,https://youtu.be/0lsDoRtFcsw
27,Jalmoranas
28,torru sleep schedule
29,Akahito fanclub
30,Agalethiar-
31,headman — Today at 20:05 how bout menty fucked ur mother 
32,ZAZA METHOD
33,
34,
35,
36,
37,
38,
39,
40,
41,
42,
43,
44,
45,
46,
47,
48,
49,
50,
51,
52,
53,
54,
55,
56,
57,
58,
59,
60,
61,
62,
63,
64,
65,
66,
67,
68,
69,
70,
71,
72,
73,
74,
75,
76,
77,
78,
79,
80,
81,
82,
83,
84,
85,
86,
87,
88,
89,
90,
91,
92,
93,
94,
95,
96,
97,
98,
99,
100,
101,
102,
103,
104,
105,
106,
107,
108,
109,
110,
111,
112,
113,
114,
115,
116,
117,
118,
119,
120,
121,
122,
123,
124,
125,
126,
127,
128,