{"AuxAudioDevice1":{"balance":0.5,"deinterlace_field_order":0,"deinterlace_mode":0,"enabled":true,"filters":[{"balance":0.5,"deinterlace_field_order":0,"deinterlace_mode":0,"enabled":true,"flags":0,"hotkeys":{},"id":"noise_suppress_filter","mixers":255,"monitoring_type":0,"muted":false,"name":"Noise Suppression","prev_ver":486539264,"private_settings":{},"push-to-mute":false,"push-to-mute-delay":0,"push-to-talk":false,"push-to-talk-delay":0,"settings":{},"sync":0,"versioned_id":"noise_suppress_filter_v2","volume":1.0},{"balance":0.5,"deinterlace_field_order":0,"deinterlace_mode":0,"enabled":false,"flags":0,"hotkeys":{},"id":"compressor_filter","mixers":255,"monitoring_type":0,"muted":false,"name":"Compressor","prev_ver":486539264,"private_settings":{},"push-to-mute":false,"push-to-mute-delay":0,"push-to-talk":false,"push-to-talk-delay":0,"settings":{},"sync":0,"versioned_id":"compressor_filter","volume":1.0},{"balance":0.5,"deinterlace_field_order":0,"deinterlace_mode":0,"enabled":true,"flags":0,"hotkeys":{},"id":"gain_filter","mixers":255,"monitoring_type":0,"muted":false,"name":"Gain","prev_ver":486539264,"private_settings":{},"push-to-mute":false,"push-to-mute-delay":0,"push-to-talk":false,"push-to-talk-delay":0,"settings":{"db":4.0},"sync":0,"versioned_id":"gain_filter","volume":1.0}],"flags":0,"hotkeys":{"libobs.mute":[],"libobs.push-to-mute":[],"libobs.push-to-talk":[],"libobs.unmute":[]},"id":"wasapi_input_capture","mixers":255,"monitoring_type":0,"muted":false,"name":"Mic/Aux","prev_ver":486539264,"private_settings":{},"push-to-mute":false,"push-to-mute-delay":0,"push-to-talk":false,"push-to-talk-delay":0,"settings":{"device_id":"{0.0.1.00000000}.{d5549cb6-4dda-4262-af9d-fd8ff50642d4}"},"sync":0,"versioned_id":"wasapi_input_capture","volume":0.8632580041885376},"DesktopAudioDevice1":{"balance":0.5,"deinterlace_field_order":0,"deinterlace_mode":0,"enabled":true,"flags":0,"hotkeys":{"libobs.mute":[],"libobs.push-to-mute":[],"libobs.push-to-talk":[],"libobs.unmute":[]},"id":"wasapi_output_capture","mixers":255,"monitoring_type":0,"muted":false,"name":"Desktop Audio","prev_ver":486539264,"private_settings":{},"push-to-mute":false,"push-to-mute-delay":0,"push-to-talk":false,"push-to-talk-delay":0,"settings":{"device_id":"default"},"sync":0,"versioned_id":"wasapi_output_capture","volume":1.0},"current_program_scene":"Gameplay","current_scene":"Gameplay","current_transition":"Fade","groups":[],"modules":{"auto-scene-switcher":{"active":false,"interval":300,"non_matching_scene":"","switch_if_not_matching":false,"switches":[]},"captions":{"enabled":false,"lang_id":1033,"provider":"mssapi","source":""},"output-timer":{"autoStartRecordTimer":false,"autoStartStreamTimer":false,"pauseRecordTimer":true,"recordTimerHours":0,"recordTimerMinutes":0,"recordTimerSeconds":30,"streamTimerHours":0,"streamTimerMinutes":0,"streamTimerSeconds":30},"scripts-tool":[]},"name":"Regression Rumble","preview_locked":false,"quick_transitions":[{"duration":100,"fade_to_black":false,"hotkeys":[],"id":3,"name":"Fade"}],"saved_projectors":[],"scaling_enabled":false,"scaling_level":0,"scaling_off_x":0.0,"scaling_off_y":0.0,"scene_order":[{"name":"Gameplay"},{"name":"Mappool"},{"name":"Showcase"}],"sources":[{"balance":0.5,"deinterlace_field_order":0,"deinterlace_mode":0,"enabled":true,"flags":0,"hotkeys":{"OBSBasic.SelectScene":[],"libobs.hide_scene_item.16dt1.png":[],"libobs.hide_scene_item.16dt2.png":[],"libobs.hide_scene_item.16fm1.png":[],"libobs.hide_scene_item.16fm2.png":[],"libobs.hide_scene_item.16hd1.png":[],"libobs.hide_scene_item.16hd2.png":[],"libobs.hide_scene_item.16hr1.png":[],"libobs.hide_scene_item.16hr2.png":[],"libobs.hide_scene_item.16nm1.png":[],"libobs.hide_scene_item.16nm2.png":[],"libobs.hide_scene_item.16nm3.png":[],"libobs.hide_scene_item.16nm4.png":[],"libobs.hide_scene_item.16nm5.png":[],"libobs.hide_scene_item.16pre.png":[],"libobs.hide_scene_item.16pre2.png":[],"libobs.hide_scene_item.16tb.png":[],"libobs.hide_scene_item.firefox":[],"libobs.hide_scene_item.osu":[],"libobs.hide_scene_item.osutourney_background.png":[],"libobs.hide_scene_item.osutourney_element.png":[],"libobs.hide_scene_item.stream text":[],"libobs.show_scene_item.16dt1.png":[],"libobs.show_scene_item.16dt2.png":[],"libobs.show_scene_item.16fm1.png":[],"libobs.show_scene_item.16fm2.png":[],"libobs.show_scene_item.16hd1.png":[],"libobs.show_scene_item.16hd2.png":[],"libobs.show_scene_item.16hr1.png":[],"libobs.show_scene_item.16hr2.png":[],"libobs.show_scene_item.16nm1.png":[],"libobs.show_scene_item.16nm2.png":[],"libobs.show_scene_item.16nm3.png":[],"libobs.show_scene_item.16nm4.png":[],"libobs.show_scene_item.16nm5.png":[],"libobs.show_scene_item.16pre.png":[],"libobs.show_scene_item.16pre2.png":[],"libobs.show_scene_item.16tb.png":[],"libobs.show_scene_item.firefox":[],"libobs.show_scene_item.osu":[],"libobs.show_scene_item.osutourney_background.png":[],"libobs.show_scene_item.osutourney_element.png":[],"libobs.show_scene_item.stream text":[]},"id":"scene","mixers":0,"monitoring_type":0,"muted":false,"name":"Showcase","prev_ver":486539264,"private_settings":{},"push-to-mute":false,"push-to-mute-delay":0,"push-to-talk":false,"push-to-talk-delay":0,"settings":{"custom_size":false,"id_counter":36,"items":[{"align":5,"blend_method":"default","blend_type":"normal","bounds":{"x":0.0,"y":0.0},"bounds_align":0,"bounds_type":0,"crop_bottom":0,"crop_left":0,"crop_right":0,"crop_top":0,"group_item_backup":false,"hide_transition":{"duration":0},"id":31,"locked":false,"name":"osutourney_background.png","pos":{"x":-56.0,"y":-32.0},"private_settings":{},"rot":0.0,"scale":{"x":0.671875,"y":0.67175924777984619},"scale_filter":"disable","show_transition":{"duration":0},"visible":true},{"align":5,"blend_method":"default","blend_type":"normal","bounds":{"x":1920.0,"y":1080.0},"bounds_align":0,"bounds_type":2,"crop_bottom":1042,"crop_left":0,"crop_right":0,"crop_top":0,"group_item_backup":false,"hide_transition":{"duration":0},"id":33,"locked":false,"name":"osutourney_element.png","pos":{"x":0.0,"y":-293.0},"private_settings":{},"rot":0.0,"scale":{"x":1.0,"y":1.0},"scale_filter":"disable","show_transition":{"duration":0},"visible":true},{"align":5,"blend_method":"default","blend_type":"normal","bounds":{"x":0.0,"y":0.0},"bounds_align":0,"bounds_type":0,"crop_bottom":0,"crop_left":0,"crop_right":0,"crop_top":0,"group_item_backup":false,"hide_transition":{"duration":0},"id":1,"locked":false,"name":"osu","pos":{"x":0.0,"y":0.0},"private_settings":{},"rot":0.0,"scale":{"x":1.0,"y":1.0},"scale_filter":"disable","show_transition":{"duration":0},"visible":true},{"align":5,"blend_method":"default","blend_type":"normal","bounds":{"x":0.0,"y":0.0},"bounds_align":0,"bounds_type":0,"crop_bottom":0,"crop_left":0,"crop_right":0,"crop_top":0,"group_item_backup":false,"hide_transition":{"duration":0},"id":15,"locked":false,"name":"16pre.png","pos":{"x":0.0,"y":0.0},"private_settings":{},"rot":0.0,"scale":{"x":1.0,"y":1.0},"scale_filter":"disable","show_transition":{"duration":0},"visible":false},{"align":5,"blend_method":"default","blend_type":"normal","bounds":{"x":0.0,"y":0.0},"bounds_align":0,"bounds_type":0,"crop_bottom":0,"crop_left":0,"crop_right":0,"crop_top":0,"group_item_backup":false,"hide_transition":{"duration":0},"id":32,"locked":false,"name":"16pre2.png","pos":{"x":0.0,"y":0.0},"private_settings":{},"rot":0.0,"scale":{"x":1.0,"y":1.0},"scale_filter":"disable","show_transition":{"duration":0},"visible":false},{"align":5,"blend_method":"default","blend_type":"normal","bounds":{"x":0.0,"y":0.0},"bounds_align":0,"bounds_type":0,"crop_bottom":0,"crop_left":0,"crop_right":0,"crop_top":0,"group_item_backup":false,"hide_transition":{"duration":0},"id":16,"locked":false,"name":"16nm1.png","pos":{"x":0.0,"y":0.0},"private_settings":{},"rot":0.0,"scale":{"x":1.0,"y":1.0},"scale_filter":"disable","show_transition":{"duration":0},"visible":false},{"align":5,"blend_method":"default","blend_type":"normal","bounds":{"x":0.0,"y":0.0},"bounds_align":0,"bounds_type":0,"crop_bottom":0,"crop_left":0,"crop_right":0,"crop_top":0,"group_item_backup":false,"hide_transition":{"duration":0},"id":17,"locked":false,"name":"16nm2.png","pos":{"x":0.0,"y":0.0},"private_settings":{},"rot":0.0,"scale":{"x":1.0,"y":1.0},"scale_filter":"disable","show_transition":{"duration":0},"visible":false},{"align":5,"blend_method":"default","blend_type":"normal","bounds":{"x":0.0,"y":0.0},"bounds_align":0,"bounds_type":0,"crop_bottom":0,"crop_left":0,"crop_right":0,"crop_top":0,"group_item_backup":false,"hide_transition":{"duration":0},"id":18,"locked":false,"name":"16nm3.png","pos":{"x":0.0,"y":0.0},"private_settings":{},"rot":0.0,"scale":{"x":1.0,"y":1.0},"scale_filter":"disable","show_transition":{"duration":0},"visible":false},{"align":5,"blend_method":"default","blend_type":"normal","bounds":{"x":0.0,"y":0.0},"bounds_align":0,"bounds_type":0,"crop_bottom":0,"crop_left":0,"crop_right":0,"crop_top":0,"group_item_backup":false,"hide_transition":{"duration":0},"id":19,"locked":false,"name":"16nm4.png","pos":{"x":0.0,"y":0.0},"private_settings":{},"rot":0.0,"scale":{"x":1.0,"y":1.0},"scale_filter":"disable","show_transition":{"duration":0},"visible":false},{"align":5,"blend_method":"default","blend_type":"normal","bounds":{"x":0.0,"y":0.0},"bounds_align":0,"bounds_type":0,"crop_bottom":0,"crop_left":0,"crop_right":0,"crop_top":0,"group_item_backup":false,"hide_transition":{"duration":0},"id":20,"locked":false,"name":"16nm5.png","pos":{"x":0.0,"y":0.0},"private_settings":{},"rot":0.0,"scale":{"x":1.0,"y":1.0},"scale_filter":"disable","show_transition":{"duration":0},"visible":false},{"align":5,"blend_method":"default","blend_type":"normal","bounds":{"x":0.0,"y":0.0},"bounds_align":0,"bounds_type":0,"crop_bottom":0,"crop_left":0,"crop_right":0,"crop_top":0,"group_item_backup":false,"hide_transition":{"duration":0},"id":21,"locked":false,"name":"16hd1.png","pos":{"x":0.0,"y":0.0},"private_settings":{},"rot":0.0,"scale":{"x":1.0,"y":1.0},"scale_filter":"disable","show_transition":{"duration":0},"visible":false},{"align":5,"blend_method":"default","blend_type":"normal","bounds":{"x":0.0,"y":0.0},"bounds_align":0,"bounds_type":0,"crop_bottom":0,"crop_left":0,"crop_right":0,"crop_top":0,"group_item_backup":false,"hide_transition":{"duration":0},"id":22,"locked":false,"name":"16hd2.png","pos":{"x":0.0,"y":0.0},"private_settings":{},"rot":0.0,"scale":{"x":1.0,"y":1.0},"scale_filter":"disable","show_transition":{"duration":0},"visible":false},{"align":5,"blend_method":"default","blend_type":"normal","bounds":{"x":0.0,"y":0.0},"bounds_align":0,"bounds_type":0,"crop_bottom":0,"crop_left":0,"crop_right":0,"crop_top":0,"group_item_backup":false,"hide_transition":{"duration":0},"id":23,"locked":false,"name":"16hr1.png","pos":{"x":0.0,"y":0.0},"private_settings":{},"rot":0.0,"scale":{"x":1.0,"y":1.0},"scale_filter":"disable","show_transition":{"duration":0},"visible":false},{"align":5,"blend_method":"default","blend_type":"normal","bounds":{"x":0.0,"y":0.0},"bounds_align":0,"bounds_type":0,"crop_bottom":0,"crop_left":0,"crop_right":0,"crop_top":0,"group_item_backup":false,"hide_transition":{"duration":0},"id":24,"locked":false,"name":"16hr2.png","pos":{"x":0.0,"y":0.0},"private_settings":{},"rot":0.0,"scale":{"x":1.0,"y":1.0},"scale_filter":"disable","show_transition":{"duration":0},"visible":false},{"align":5,"blend_method":"default","blend_type":"normal","bounds":{"x":0.0,"y":0.0},"bounds_align":0,"bounds_type":0,"crop_bottom":0,"crop_left":0,"crop_right":0,"crop_top":0,"group_item_backup":false,"hide_transition":{"duration":0},"id":25,"locked":false,"name":"16dt1.png","pos":{"x":0.0,"y":0.0},"private_settings":{},"rot":0.0,"scale":{"x":1.0,"y":1.0},"scale_filter":"disable","show_transition":{"duration":0},"visible":false},{"align":5,"blend_method":"default","blend_type":"normal","bounds":{"x":0.0,"y":0.0},"bounds_align":0,"bounds_type":0,"crop_bottom":0,"crop_left":0,"crop_right":0,"crop_top":0,"group_item_backup":false,"hide_transition":{"duration":0},"id":26,"locked":false,"name":"16dt2.png","pos":{"x":0.0,"y":0.0},"private_settings":{},"rot":0.0,"scale":{"x":1.0,"y":1.0},"scale_filter":"disable","show_transition":{"duration":0},"visible":false},{"align":5,"blend_method":"default","blend_type":"normal","bounds":{"x":0.0,"y":0.0},"bounds_align":0,"bounds_type":0,"crop_bottom":0,"crop_left":0,"crop_right":0,"crop_top":0,"group_item_backup":false,"hide_transition":{"duration":0},"id":27,"locked":false,"name":"16fm1.png","pos":{"x":0.0,"y":0.0},"private_settings":{},"rot":0.0,"scale":{"x":1.0,"y":1.0},"scale_filter":"disable","show_transition":{"duration":0},"visible":false},{"align":5,"blend_method":"default","blend_type":"normal","bounds":{"x":0.0,"y":0.0},"bounds_align":0,"bounds_type":0,"crop_bottom":0,"crop_left":0,"crop_right":0,"crop_top":0,"group_item_backup":false,"hide_transition":{"duration":0},"id":28,"locked":false,"name":"16fm2.png","pos":{"x":0.0,"y":0.0},"private_settings":{},"rot":0.0,"scale":{"x":1.0,"y":1.0},"scale_filter":"disable","show_transition":{"duration":0},"visible":false},{"align":5,"blend_method":"default","blend_type":"normal","bounds":{"x":0.0,"y":0.0},"bounds_align":0,"bounds_type":0,"crop_bottom":0,"crop_left":0,"crop_right":0,"crop_top":0,"group_item_backup":false,"hide_transition":{"duration":0},"id":36,"locked":false,"name":"16tb.png","pos":{"x":0.0,"y":0.0},"private_settings":{},"rot":0.0,"scale":{"x":1.0,"y":1.0},"scale_filter":"disable","show_transition":{"duration":0},"visible":true},{"align":5,"blend_method":"default","blend_type":"normal","bounds":{"x":0.0,"y":0.0},"bounds_align":0,"bounds_type":0,"crop_bottom":398,"crop_left":67,"crop_right":564,"crop_top":349,"group_item_backup":false,"hide_transition":{"duration":0},"id":30,"locked":false,"name":"firefox","pos":{"x":0.0,"y":137.0},"private_settings":{},"rot":0.0,"scale":{"x":1.0,"y":1.0},"scale_filter":"disable","show_transition":{"duration":0},"visible":false},{"align":5,"blend_method":"default","blend_type":"normal","bounds":{"x":0.0,"y":0.0},"bounds_align":0,"bounds_type":0,"crop_bottom":0,"crop_left":0,"crop_right":0,"crop_top":0,"group_item_backup":false,"hide_transition":{"duration":0},"id":35,"locked":false,"name":"stream text","pos":{"x":1389.0,"y":1039.0},"private_settings":{},"rot":0.0,"scale":{"x":1.7142857313156128,"y":1.6818181276321411},"scale_filter":"disable","show_transition":{"duration":0},"visible":false}]},"sync":0,"versioned_id":"scene","volume":1.0},{"balance":0.5,"deinterlace_field_order":0,"deinterlace_mode":0,"enabled":true,"flags":0,"hotkeys":{},"id":"text_gdiplus","mixers":0,"monitoring_type":0,"muted":false,"name":"stream text","prev_ver":486539264,"private_settings":{},"push-to-mute":false,"push-to-mute-delay":0,"push-to-talk":false,"push-to-talk-delay":0,"settings":{"bk_opacity":100,"font":{"face":"Gotham Black","flags":0,"size":22,"style":"Regular"},"text":"9"},"sync":0,"versioned_id":"text_gdiplus_v2","volume":1.0},{"balance":0.5,"deinterlace_field_order":0,"deinterlace_mode":0,"enabled":true,"filters":[{"balance":0.5,"deinterlace_field_order":0,"deinterlace_mode":0,"enabled":true,"flags":0,"hotkeys":{},"id":"color_key_filter","mixers":0,"monitoring_type":0,"muted":false,"name":"Color Key","prev_ver":486539264,"private_settings":{},"push-to-mute":false,"push-to-mute-delay":0,"push-to-talk":false,"push-to-talk-delay":0,"settings":{"key_color":4293906362,"key_color_type":"custom","similarity":21,"smoothness":10},"sync":0,"versioned_id":"color_key_filter_v2","volume":1.0}],"flags":0,"hotkeys":{},"id":"window_capture","mixers":0,"monitoring_type":0,"muted":false,"name":"firefox","prev_ver":486539264,"private_settings":{},"push-to-mute":false,"push-to-mute-delay":0,"push-to-talk":false,"push-to-talk-delay":0,"settings":{"window":"rr stats for quals - Google Sheets — Mozilla Firefox:MozillaWindowClass:firefox.exe"},"sync":0,"versioned_id":"window_capture","volume":1.0},{"balance":0.5,"deinterlace_field_order":0,"deinterlace_mode":0,"enabled":true,"flags":0,"hotkeys":{},"id":"image_source","mixers":0,"monitoring_type":0,"muted":false,"name":"16tb.png","prev_ver":486539264,"private_settings":{},"push-to-mute":false,"push-to-mute-delay":0,"push-to-talk":false,"push-to-talk-delay":0,"settings":{"file":"D:/OSU/Regression Rumble/16tb.png"},"sync":0,"versioned_id":"image_source","volume":1.0},{"balance":0.5,"deinterlace_field_order":0,"deinterlace_mode":0,"enabled":true,"flags":0,"hotkeys":{},"id":"image_source","mixers":0,"monitoring_type":0,"muted":false,"name":"16fm2.png","prev_ver":486539264,"private_settings":{},"push-to-mute":false,"push-to-mute-delay":0,"push-to-talk":false,"push-to-talk-delay":0,"settings":{"file":"D:/OSU/Regression Rumble/16fm2.png"},"sync":0,"versioned_id":"image_source","volume":1.0},{"balance":0.5,"deinterlace_field_order":0,"deinterlace_mode":0,"enabled":true,"flags":0,"hotkeys":{},"id":"image_source","mixers":0,"monitoring_type":0,"muted":false,"name":"16fm1.png","prev_ver":486539264,"private_settings":{},"push-to-mute":false,"push-to-mute-delay":0,"push-to-talk":false,"push-to-talk-delay":0,"settings":{"file":"D:/OSU/Regression Rumble/16fm1.png"},"sync":0,"versioned_id":"image_source","volume":1.0},{"balance":0.5,"deinterlace_field_order":0,"deinterlace_mode":0,"enabled":true,"flags":0,"hotkeys":{},"id":"image_source","mixers":0,"monitoring_type":0,"muted":false,"name":"16dt2.png","prev_ver":486539264,"private_settings":{},"push-to-mute":false,"push-to-mute-delay":0,"push-to-talk":false,"push-to-talk-delay":0,"settings":{"file":"D:/OSU/Regression Rumble/16dt2.png"},"sync":0,"versioned_id":"image_source","volume":1.0},{"balance":0.5,"deinterlace_field_order":0,"deinterlace_mode":0,"enabled":true,"flags":0,"hotkeys":{},"id":"image_source","mixers":0,"monitoring_type":0,"muted":false,"name":"16dt1.png","prev_ver":486539264,"private_settings":{},"push-to-mute":false,"push-to-mute-delay":0,"push-to-talk":false,"push-to-talk-delay":0,"settings":{"file":"D:/OSU/Regression Rumble/16dt1.png"},"sync":0,"versioned_id":"image_source","volume":1.0},{"balance":0.5,"deinterlace_field_order":0,"deinterlace_mode":0,"enabled":true,"flags":0,"hotkeys":{},"id":"image_source","mixers":0,"monitoring_type":0,"muted":false,"name":"16hr2.png","prev_ver":486539264,"private_settings":{},"push-to-mute":false,"push-to-mute-delay":0,"push-to-talk":false,"push-to-talk-delay":0,"settings":{"file":"D:/OSU/Regression Rumble/16hr2.png"},"sync":0,"versioned_id":"image_source","volume":1.0},{"balance":0.5,"deinterlace_field_order":0,"deinterlace_mode":0,"enabled":true,"flags":0,"hotkeys":{},"id":"image_source","mixers":0,"monitoring_type":0,"muted":false,"name":"16hr1.png","prev_ver":486539264,"private_settings":{},"push-to-mute":false,"push-to-mute-delay":0,"push-to-talk":false,"push-to-talk-delay":0,"settings":{"file":"D:/OSU/Regression Rumble/16hr1.png"},"sync":0,"versioned_id":"image_source","volume":1.0},{"balance":0.5,"deinterlace_field_order":0,"deinterlace_mode":0,"enabled":true,"flags":0,"hotkeys":{},"id":"image_source","mixers":0,"monitoring_type":0,"muted":false,"name":"16hd2.png","prev_ver":486539264,"private_settings":{},"push-to-mute":false,"push-to-mute-delay":0,"push-to-talk":false,"push-to-talk-delay":0,"settings":{"file":"D:/OSU/Regression Rumble/16hd2.png"},"sync":0,"versioned_id":"image_source","volume":1.0},{"balance":0.5,"deinterlace_field_order":0,"deinterlace_mode":0,"enabled":true,"flags":0,"hotkeys":{},"id":"image_source","mixers":0,"monitoring_type":0,"muted":false,"name":"16hd1.png","prev_ver":486539264,"private_settings":{},"push-to-mute":false,"push-to-mute-delay":0,"push-to-talk":false,"push-to-talk-delay":0,"settings":{"file":"D:/OSU/Regression Rumble/16hd1.png"},"sync":0,"versioned_id":"image_source","volume":1.0},{"balance":0.5,"deinterlace_field_order":0,"deinterlace_mode":0,"enabled":true,"flags":0,"hotkeys":{},"id":"image_source","mixers":0,"monitoring_type":0,"muted":false,"name":"16nm5.png","prev_ver":486539264,"private_settings":{},"push-to-mute":false,"push-to-mute-delay":0,"push-to-talk":false,"push-to-talk-delay":0,"settings":{"file":"D:/OSU/Regression Rumble/16nm5.png"},"sync":0,"versioned_id":"image_source","volume":1.0},{"balance":0.5,"deinterlace_field_order":0,"deinterlace_mode":0,"enabled":true,"flags":0,"hotkeys":{},"id":"image_source","mixers":0,"monitoring_type":0,"muted":false,"name":"16nm4.png","prev_ver":486539264,"private_settings":{},"push-to-mute":false,"push-to-mute-delay":0,"push-to-talk":false,"push-to-talk-delay":0,"settings":{"file":"D:/OSU/Regression Rumble/16nm4.png"},"sync":0,"versioned_id":"image_source","volume":1.0},{"balance":0.5,"deinterlace_field_order":0,"deinterlace_mode":0,"enabled":true,"flags":0,"hotkeys":{},"id":"image_source","mixers":0,"monitoring_type":0,"muted":false,"name":"16nm3.png","prev_ver":486539264,"private_settings":{},"push-to-mute":false,"push-to-mute-delay":0,"push-to-talk":false,"push-to-talk-delay":0,"settings":{"file":"D:/OSU/Regression Rumble/16nm3.png"},"sync":0,"versioned_id":"image_source","volume":1.0},{"balance":0.5,"deinterlace_field_order":0,"deinterlace_mode":0,"enabled":true,"flags":0,"hotkeys":{},"id":"image_source","mixers":0,"monitoring_type":0,"muted":false,"name":"16nm2.png","prev_ver":486539264,"private_settings":{},"push-to-mute":false,"push-to-mute-delay":0,"push-to-talk":false,"push-to-talk-delay":0,"settings":{"file":"D:/OSU/Regression Rumble/16nm2.png"},"sync":0,"versioned_id":"image_source","volume":1.0},{"balance":0.5,"deinterlace_field_order":0,"deinterlace_mode":0,"enabled":true,"flags":0,"hotkeys":{},"id":"image_source","mixers":0,"monitoring_type":0,"muted":false,"name":"16nm1.png","prev_ver":486539264,"private_settings":{},"push-to-mute":false,"push-to-mute-delay":0,"push-to-talk":false,"push-to-talk-delay":0,"settings":{"file":"D:/OSU/Regression Rumble/16nm1.png"},"sync":0,"versioned_id":"image_source","volume":1.0},{"balance":0.5,"deinterlace_field_order":0,"deinterlace_mode":0,"enabled":true,"flags":0,"hotkeys":{},"id":"image_source","mixers":0,"monitoring_type":0,"muted":false,"name":"16pre2.png","prev_ver":486539264,"private_settings":{},"push-to-mute":false,"push-to-mute-delay":0,"push-to-talk":false,"push-to-talk-delay":0,"settings":{"file":"D:/OSU/Regression Rumble/16pre2.png"},"sync":0,"versioned_id":"image_source","volume":1.0},{"balance":0.5,"deinterlace_field_order":0,"deinterlace_mode":0,"enabled":true,"flags":0,"hotkeys":{},"id":"image_source","mixers":0,"monitoring_type":0,"muted":false,"name":"16pre.png","prev_ver":486539264,"private_settings":{},"push-to-mute":false,"push-to-mute-delay":0,"push-to-talk":false,"push-to-talk-delay":0,"settings":{"file":"D:/OSU/Regression Rumble/16pre.png"},"sync":0,"versioned_id":"image_source","volume":1.0},{"balance":0.5,"deinterlace_field_order":0,"deinterlace_mode":0,"enabled":true,"filters":[{"balance":0.5,"deinterlace_field_order":0,"deinterlace_mode":0,"enabled":true,"flags":0,"hotkeys":{},"id":"color_filter","mixers":0,"monitoring_type":0,"muted":false,"name":"Color Correction","prev_ver":486539264,"private_settings":{},"push-to-mute":false,"push-to-mute-delay":0,"push-to-talk":false,"push-to-talk-delay":0,"settings":{"saturation":0.19},"sync":0,"versioned_id":"color_filter_v2","volume":1.0}],"flags":0,"hotkeys":{},"id":"image_source","mixers":0,"monitoring_type":0,"muted":false,"name":"osutourney_element.png","prev_ver":486539264,"private_settings":{},"push-to-mute":false,"push-to-mute-delay":0,"push-to-talk":false,"push-to-talk-delay":0,"settings":{"file":"D:/OSU/Regression Rumble/osutourney_element.png"},"sync":0,"versioned_id":"image_source","volume":1.0},{"balance":0.5,"deinterlace_field_order":0,"deinterlace_mode":0,"enabled":true,"filters":[{"balance":0.5,"deinterlace_field_order":0,"deinterlace_mode":0,"enabled":true,"flags":0,"hotkeys":{},"id":"color_filter","mixers":0,"monitoring_type":0,"muted":false,"name":"Color Correction","prev_ver":486539264,"private_settings":{},"push-to-mute":false,"push-to-mute-delay":0,"push-to-talk":false,"push-to-talk-delay":0,"settings":{"saturation":0.19},"sync":0,"versioned_id":"color_filter_v2","volume":1.0}],"flags":0,"hotkeys":{},"id":"image_source","mixers":0,"monitoring_type":0,"muted":false,"name":"osutourney_background.png","prev_ver":486539264,"private_settings":{},"push-to-mute":false,"push-to-mute-delay":0,"push-to-talk":false,"push-to-talk-delay":0,"settings":{"file":"D:/OSU/Regression Rumble/osutourney_background.png"},"sync":0,"versioned_id":"image_source","volume":1.0},{"balance":0.5,"deinterlace_field_order":0,"deinterlace_mode":0,"enabled":true,"flags":0,"hotkeys":{"ObsBrowser.Refresh":[],"libobs.mute":[],"libobs.push-to-mute":[],"libobs.push-to-talk":[],"libobs.unmute":[]},"id":"browser_source","mixers":255,"monitoring_type":0,"muted":false,"name":"p4 name","prev_ver":486539264,"private_settings":{},"push-to-mute":false,"push-to-mute-delay":0,"push-to-talk":false,"push-to-talk-delay":0,"settings":{"height":360,"url":"http://localhost:24050/regression-stream-overlay/names/?id=3&color=blue&fontSize=36&placeholder=waiting for p4...","width":640},"sync":0,"versioned_id":"browser_source","volume":1.0},{"balance":0.5,"deinterlace_field_order":0,"deinterlace_mode":0,"enabled":true,"flags":0,"hotkeys":{"ObsBrowser.Refresh":[],"libobs.mute":[],"libobs.push-to-mute":[],"libobs.push-to-talk":[],"libobs.unmute":[]},"id":"browser_source","mixers":255,"monitoring_type":0,"muted":false,"name":"p2 name","prev_ver":486539264,"private_settings":{},"push-to-mute":false,"push-to-mute-delay":0,"push-to-talk":false,"push-to-talk-delay":0,"settings":{"height":360,"url":"http://localhost:24050/regression-stream-overlay/names/?id=1&color=red&fontSize=36&placeholder=waiting for p2...","width":640},"sync":0,"versioned_id":"browser_source","volume":1.0},{"balance":0.5,"deinterlace_field_order":0,"deinterlace_mode":0,"enabled":true,"flags":0,"hotkeys":{"ObsBrowser.Refresh":[],"libobs.mute":[],"libobs.push-to-mute":[],"libobs.push-to-talk":[],"libobs.unmute":[]},"id":"browser_source","mixers":255,"monitoring_type":0,"muted":false,"name":"p3 name","prev_ver":486539264,"private_settings":{},"push-to-mute":false,"push-to-mute-delay":0,"push-to-talk":false,"push-to-talk-delay":0,"settings":{"height":360,"url":"http://localhost:24050/regression-stream-overlay/names/?id=2&color=blue&fontSize=36&placeholder=waiting for p3...","width":640},"sync":0,"versioned_id":"browser_source","volume":1.0},{"balance":0.5,"deinterlace_field_order":0,"deinterlace_mode":0,"enabled":true,"flags":0,"hotkeys":{"ObsBrowser.Refresh":[],"libobs.mute":[],"libobs.push-to-mute":[],"libobs.push-to-talk":[],"libobs.unmute":[]},"id":"browser_source","mixers":255,"monitoring_type":0,"muted":false,"name":"p1 name","prev_ver":486539264,"private_settings":{},"push-to-mute":false,"push-to-mute-delay":0,"push-to-talk":false,"push-to-talk-delay":0,"settings":{"height":360,"undo_sname":"p1 name","url":"http://localhost:24050/regression-stream-overlay/names/?id=0&color=red&fontSize=36&placeholder=waiting for p1...","width":640},"sync":0,"versioned_id":"browser_source","volume":1.0},{"balance":0.5,"deinterlace_field_order":0,"deinterlace_mode":0,"enabled":true,"flags":0,"hotkeys":{},"id":"image_source","mixers":0,"monitoring_type":0,"muted":false,"name":"stream logo.png","prev_ver":486539264,"private_settings":{},"push-to-mute":false,"push-to-mute-delay":0,"push-to-talk":false,"push-to-talk-delay":0,"settings":{"file":"D:/OSU/Regression Rumble/stream logo.png"},"sync":0,"versioned_id":"image_source","volume":1.0},{"balance":0.5,"deinterlace_field_order":0,"deinterlace_mode":0,"enabled":true,"flags":0,"hotkeys":{"OBSBasic.SelectScene":[],"libobs.hide_scene_item.rrchat2":[],"libobs.hide_scene_item.rrmappool":[],"libobs.hide_scene_item.stream logo.png (2)":[],"libobs.hide_scene_item.top_ro16.png (2)":[],"libobs.show_scene_item.rrchat2":[],"libobs.show_scene_item.rrmappool":[],"libobs.show_scene_item.stream logo.png (2)":[],"libobs.show_scene_item.top_ro16.png (2)":[]},"id":"scene","mixers":0,"monitoring_type":0,"muted":false,"name":"Mappool","prev_ver":486539264,"private_settings":{},"push-to-mute":false,"push-to-mute-delay":0,"push-to-talk":false,"push-to-talk-delay":0,"settings":{"custom_size":false,"id_counter":23,"items":[{"align":5,"blend_method":"default","blend_type":"normal","bounds":{"x":0.0,"y":0.0},"bounds_align":0,"bounds_type":0,"crop_bottom":0,"crop_left":0,"crop_right":0,"crop_top":0,"group_item_backup":false,"hide_transition":{"duration":0},"id":18,"locked":false,"name":"rrmappool","pos":{"x":0.0,"y":0.0},"private_settings":{},"rot":0.0,"scale":{"x":1.0,"y":1.0},"scale_filter":"disable","show_transition":{"duration":0},"visible":true},{"align":5,"blend_method":"default","blend_type":"normal","bounds":{"x":0.0,"y":0.0},"bounds_align":0,"bounds_type":0,"crop_bottom":0,"crop_left":0,"crop_right":0,"crop_top":0,"group_item_backup":false,"hide_transition":{"duration":0},"id":21,"locked":false,"name":"rrchat2","pos":{"x":1320.0,"y":780.0},"private_settings":{},"rot":0.0,"scale":{"x":1.0,"y":1.0},"scale_filter":"disable","show_transition":{"duration":0},"visible":false},{"align":5,"blend_method":"default","blend_type":"normal","bounds":{"x":0.0,"y":0.0},"bounds_align":0,"bounds_type":0,"crop_bottom":0,"crop_left":0,"crop_right":0,"crop_top":0,"group_item_backup":false,"hide_transition":{"duration":0},"id":22,"locked":false,"name":"top_ro16.png (2)","pos":{"x":0.0,"y":0.0},"private_settings":{},"rot":0.0,"scale":{"x":1.0,"y":1.0},"scale_filter":"disable","show_transition":{"duration":0},"visible":true},{"align":5,"blend_method":"default","blend_type":"normal","bounds":{"x":0.0,"y":0.0},"bounds_align":0,"bounds_type":0,"crop_bottom":0,"crop_left":0,"crop_right":0,"crop_top":0,"group_item_backup":false,"hide_transition":{"duration":0},"id":23,"locked":false,"name":"stream logo.png (2)","pos":{"x":0.0,"y":0.0},"private_settings":{},"rot":0.0,"scale":{"x":1.0,"y":1.0},"scale_filter":"disable","show_transition":{"duration":0},"visible":true}]},"sync":0,"versioned_id":"scene","volume":1.0},{"balance":0.5,"deinterlace_field_order":0,"deinterlace_mode":0,"enabled":true,"flags":0,"hotkeys":{"ObsBrowser.Refresh":[],"libobs.mute":[],"libobs.push-to-mute":[],"libobs.push-to-talk":[],"libobs.unmute":[]},"id":"browser_source","mixers":255,"monitoring_type":0,"muted":false,"name":"rrmappool","prev_ver":486539264,"private_settings":{},"push-to-mute":false,"push-to-mute-delay":0,"push-to-talk":false,"push-to-talk-delay":0,"settings":{"height":1080,"url":"http://localhost:24050/regression-stream-overlay/mappool/","width":1920},"sync":0,"versioned_id":"browser_source","volume":1.0},{"balance":0.5,"deinterlace_field_order":0,"deinterlace_mode":0,"enabled":true,"flags":0,"hotkeys":{"ObsBrowser.Refresh":[],"libobs.mute":[],"libobs.push-to-mute":[],"libobs.push-to-talk":[],"libobs.unmute":[]},"id":"browser_source","mixers":255,"monitoring_type":0,"muted":false,"name":"rrchat","prev_ver":486539264,"private_settings":{},"push-to-mute":false,"push-to-mute-delay":0,"push-to-talk":false,"push-to-talk-delay":0,"settings":{"height":150,"undo_sname":"rrchat","url":"http://localhost:24050/regression-stream-overlay/chat/","width":800},"sync":0,"versioned_id":"browser_source","volume":1.0},{"balance":0.5,"deinterlace_field_order":0,"deinterlace_mode":0,"enabled":true,"flags":0,"hotkeys":{"ObsBrowser.Refresh":[],"libobs.mute":[],"libobs.push-to-mute":[],"libobs.push-to-talk":[],"libobs.unmute":[]},"id":"browser_source","mixers":255,"monitoring_type":0,"muted":false,"name":"GSTmain","prev_ver":486539264,"private_settings":{},"push-to-mute":false,"push-to-mute-delay":0,"push-to-talk":false,"push-to-talk-delay":0,"settings":{"height":1080,"url":"http://localhost:24050/regression-stream-overlay/main/","width":1920},"sync":0,"versioned_id":"browser_source","volume":1.0},{"balance":0.5,"deinterlace_field_order":0,"deinterlace_mode":0,"enabled":true,"filters":[{"balance":0.5,"deinterlace_field_order":0,"deinterlace_mode":0,"enabled":true,"flags":0,"hotkeys":{},"id":"mask_filter","mixers":0,"monitoring_type":0,"muted":false,"name":"Image Mask/Blend","prev_ver":486539264,"private_settings":{},"push-to-mute":false,"push-to-mute-delay":0,"push-to-talk":false,"push-to-talk-delay":0,"settings":{"image_path":"D:/OSU/GSTLIVE/stream/player mask.png","type":"mask_alpha_filter.effect"},"sync":0,"versioned_id":"mask_filter_v2","volume":1.0}],"flags":0,"hotkeys":{"hotkey_start":[],"hotkey_stop":[]},"id":"game_capture","mixers":0,"monitoring_type":0,"muted":false,"name":"osu","prev_ver":486539264,"private_settings":{},"push-to-mute":false,"push-to-mute-delay":0,"push-to-talk":false,"push-to-talk-delay":0,"settings":{"capture_cursor":false,"capture_mode":"window","window":" Tournament Client 0:WindowsForms10.Window.2b.app.0.1ca0192_r7_ad1:osu!.exe"},"sync":0,"versioned_id":"game_capture","volume":1.0},{"balance":0.5,"deinterlace_field_order":0,"deinterlace_mode":0,"enabled":true,"flags":0,"hotkeys":{"OBSBasic.SelectScene":[],"libobs.hide_scene_item.GSTmain":[],"libobs.hide_scene_item.osu":[],"libobs.hide_scene_item.osu2":[],"libobs.hide_scene_item.osu3":[],"libobs.hide_scene_item.osu4":[],"libobs.hide_scene_item.p1 name":[],"libobs.hide_scene_item.p2 name":[],"libobs.hide_scene_item.p3 name":[],"libobs.hide_scene_item.p4 name":[],"libobs.hide_scene_item.rrchat":[],"libobs.hide_scene_item.stream logo.png":[],"libobs.hide_scene_item.top_ro16.png":[],"libobs.show_scene_item.GSTmain":[],"libobs.show_scene_item.osu":[],"libobs.show_scene_item.osu2":[],"libobs.show_scene_item.osu3":[],"libobs.show_scene_item.osu4":[],"libobs.show_scene_item.p1 name":[],"libobs.show_scene_item.p2 name":[],"libobs.show_scene_item.p3 name":[],"libobs.show_scene_item.p4 name":[],"libobs.show_scene_item.rrchat":[],"libobs.show_scene_item.stream logo.png":[],"libobs.show_scene_item.top_ro16.png":[]},"id":"scene","mixers":0,"monitoring_type":0,"muted":false,"name":"Gameplay","prev_ver":486539264,"private_settings":{},"push-to-mute":false,"push-to-mute-delay":0,"push-to-talk":false,"push-to-talk-delay":0,"settings":{"custom_size":false,"id_counter":26,"items":[{"align":5,"blend_method":"default","blend_type":"normal","bounds":{"x":0.0,"y":0.0},"bounds_align":0,"bounds_type":0,"crop_bottom":0,"crop_left":0,"crop_right":0,"crop_top":0,"group_item_backup":false,"hide_transition":{"duration":0},"id":5,"locked":false,"name":"GSTmain","pos":{"x":0.0,"y":0.0},"private_settings":{},"rot":0.0,"scale":{"x":1.0,"y":1.0},"scale_filter":"disable","show_transition":{"duration":0},"visible":true},{"align":5,"blend_method":"default","blend_type":"normal","bounds":{"x":1.0,"y":1.0},"bounds_align":0,"bounds_type":0,"crop_bottom":0,"crop_left":0,"crop_right":0,"crop_top":0,"group_item_backup":false,"hide_transition":{"duration":0},"id":8,"locked":false,"name":"osu4","pos":{"x":966.0,"y":558.0},"private_settings":{},"rot":0.0,"scale":{"x":1.0015649795532227,"y":1.0},"scale_filter":"disable","show_transition":{"duration":0},"visible":true},{"align":5,"blend_method":"default","blend_type":"normal","bounds":{"x":1.0,"y":1.0},"bounds_align":0,"bounds_type":0,"crop_bottom":0,"crop_left":0,"crop_right":0,"crop_top":0,"group_item_backup":false,"hide_transition":{"duration":0},"id":7,"locked":false,"name":"osu3","pos":{"x":966.0,"y":186.0},"private_settings":{},"rot":0.0,"scale":{"x":1.0015649795532227,"y":1.0},"scale_filter":"disable","show_transition":{"duration":0},"visible":true},{"align":5,"blend_method":"default","blend_type":"normal","bounds":{"x":1.0,"y":1.0},"bounds_align":0,"bounds_type":0,"crop_bottom":0,"crop_left":0,"crop_right":0,"crop_top":0,"group_item_backup":false,"hide_transition":{"duration":0},"id":2,"locked":false,"name":"osu2","pos":{"x":314.0,"y":558.0},"private_settings":{},"rot":0.0,"scale":{"x":1.0015649795532227,"y":1.0},"scale_filter":"disable","show_transition":{"duration":0},"visible":true},{"align":5,"blend_method":"default","blend_type":"normal","bounds":{"x":1.0,"y":1.0},"bounds_align":0,"bounds_type":0,"crop_bottom":0,"crop_left":0,"crop_right":0,"crop_top":0,"group_item_backup":false,"hide_transition":{"duration":0},"id":3,"locked":false,"name":"osu","pos":{"x":314.0,"y":186.0},"private_settings":{},"rot":0.0,"scale":{"x":1.0015649795532227,"y":1.0},"scale_filter":"disable","show_transition":{"duration":0},"visible":true},{"align":5,"blend_method":"default","blend_type":"normal","bounds":{"x":0.0,"y":0.0},"bounds_align":0,"bounds_type":0,"crop_bottom":0,"crop_left":0,"crop_right":0,"crop_top":0,"group_item_backup":false,"hide_transition":{"duration":0},"id":19,"locked":false,"name":"rrchat","pos":{"x":560.0,"y":930.0},"private_settings":{},"rot":0.0,"scale":{"x":1.0,"y":1.0},"scale_filter":"disable","show_transition":{"duration":0},"visible":true},{"align":5,"blend_method":"default","blend_type":"normal","bounds":{"x":0.0,"y":0.0},"bounds_align":0,"bounds_type":0,"crop_bottom":0,"crop_left":0,"crop_right":0,"crop_top":0,"group_item_backup":false,"hide_transition":{"duration":0},"id":21,"locked":false,"name":"stream logo.png","pos":{"x":0.0,"y":0.0},"private_settings":{},"rot":0.0,"scale":{"x":1.0,"y":1.0},"scale_filter":"disable","show_transition":{"duration":0},"visible":true},{"align":5,"blend_method":"default","blend_type":"normal","bounds":{"x":0.0,"y":0.0},"bounds_align":0,"bounds_type":0,"crop_bottom":0,"crop_left":0,"crop_right":0,"crop_top":0,"group_item_backup":false,"hide_transition":{"duration":0},"id":22,"locked":false,"name":"top_ro16.png","pos":{"x":0.0,"y":0.0},"private_settings":{},"rot":0.0,"scale":{"x":1.0,"y":1.0},"scale_filter":"disable","show_transition":{"duration":0},"visible":true},{"align":5,"blend_method":"default","blend_type":"normal","bounds":{"x":0.0,"y":0.0},"bounds_align":0,"bounds_type":0,"crop_bottom":0,"crop_left":0,"crop_right":0,"crop_top":0,"group_item_backup":false,"hide_transition":{"duration":0},"id":23,"locked":false,"name":"p1 name","pos":{"x":318.0,"y":193.0},"private_settings":{},"rot":0.0,"scale":{"x":1.0,"y":1.0},"scale_filter":"disable","show_transition":{"duration":0},"visible":true},{"align":5,"blend_method":"default","blend_type":"normal","bounds":{"x":0.0,"y":0.0},"bounds_align":0,"bounds_type":0,"crop_bottom":0,"crop_left":0,"crop_right":0,"crop_top":0,"group_item_backup":false,"hide_transition":{"duration":0},"id":25,"locked":false,"name":"p2 name","pos":{"x":318.0,"y":565.0},"private_settings":{},"rot":0.0,"scale":{"x":1.0,"y":1.0},"scale_filter":"disable","show_transition":{"duration":0},"visible":true},{"align":5,"blend_method":"default","blend_type":"normal","bounds":{"x":0.0,"y":0.0},"bounds_align":0,"bounds_type":0,"crop_bottom":0,"crop_left":0,"crop_right":0,"crop_top":0,"group_item_backup":false,"hide_transition":{"duration":0},"id":24,"locked":false,"name":"p3 name","pos":{"x":969.0,"y":193.0},"private_settings":{},"rot":0.0,"scale":{"x":1.0,"y":1.0},"scale_filter":"disable","show_transition":{"duration":0},"visible":true},{"align":5,"blend_method":"default","blend_type":"normal","bounds":{"x":0.0,"y":0.0},"bounds_align":0,"bounds_type":0,"crop_bottom":0,"crop_left":0,"crop_right":0,"crop_top":0,"group_item_backup":false,"hide_transition":{"duration":0},"id":26,"locked":false,"name":"p4 name","pos":{"x":969.0,"y":565.0},"private_settings":{},"rot":0.0,"scale":{"x":1.0,"y":1.0},"scale_filter":"disable","show_transition":{"duration":0},"visible":true}]},"sync":0,"versioned_id":"scene","volume":1.0},{"balance":0.5,"deinterlace_field_order":0,"deinterlace_mode":0,"enabled":true,"filters":[{"balance":0.5,"deinterlace_field_order":0,"deinterlace_mode":0,"enabled":false,"flags":0,"hotkeys":{},"id":"chroma_key_filter","mixers":0,"monitoring_type":0,"muted":false,"name":"Chroma Key","prev_ver":486539264,"private_settings":{},"push-to-mute":false,"push-to-mute-delay":0,"push-to-talk":false,"push-to-talk-delay":0,"settings":{},"sync":0,"versioned_id":"chroma_key_filter_v2","volume":1.0},{"balance":0.5,"deinterlace_field_order":0,"deinterlace_mode":0,"enabled":true,"flags":0,"hotkeys":{},"id":"mask_filter","mixers":0,"monitoring_type":0,"muted":false,"name":"Image Mask/Blend","prev_ver":486539264,"private_settings":{},"push-to-mute":false,"push-to-mute-delay":0,"push-to-talk":false,"push-to-talk-delay":0,"settings":{"image_path":"D:/OSU/GSTLIVE/stream/player mask.png","type":"mask_alpha_filter.effect"},"sync":0,"versioned_id":"mask_filter_v2","volume":1.0}],"flags":0,"hotkeys":{"hotkey_start":[],"hotkey_stop":[]},"id":"game_capture","mixers":0,"monitoring_type":0,"muted":false,"name":"osu2","prev_ver":486539264,"private_settings":{},"push-to-mute":false,"push-to-mute-delay":0,"push-to-talk":false,"push-to-talk-delay":0,"settings":{"capture_cursor":false,"capture_mode":"window","window":" Tournament Client 1:WindowsForms10.Window.2b.app.0.1ca0192_r7_ad1:osu!.exe"},"sync":0,"versioned_id":"game_capture","volume":1.0},{"balance":0.5,"deinterlace_field_order":0,"deinterlace_mode":0,"enabled":true,"filters":[{"balance":0.5,"deinterlace_field_order":0,"deinterlace_mode":0,"enabled":true,"flags":0,"hotkeys":{},"id":"mask_filter","mixers":0,"monitoring_type":0,"muted":false,"name":"Image Mask/Blend","prev_ver":486539264,"private_settings":{},"push-to-mute":false,"push-to-mute-delay":0,"push-to-talk":false,"push-to-talk-delay":0,"settings":{"image_path":"D:/OSU/GSTLIVE/stream/player mask.png","type":"mask_alpha_filter.effect"},"sync":0,"versioned_id":"mask_filter_v2","volume":1.0}],"flags":0,"hotkeys":{"hotkey_start":[],"hotkey_stop":[]},"id":"game_capture","mixers":0,"monitoring_type":0,"muted":false,"name":"osu3","prev_ver":486539264,"private_settings":{},"push-to-mute":false,"push-to-mute-delay":0,"push-to-talk":false,"push-to-talk-delay":0,"settings":{"capture_mode":"window","window":" Tournament Client 2:WindowsForms10.Window.2b.app.0.1ca0192_r7_ad1:osu!.exe"},"sync":0,"versioned_id":"game_capture","volume":1.0},{"balance":0.5,"deinterlace_field_order":0,"deinterlace_mode":0,"enabled":true,"filters":[{"balance":0.5,"deinterlace_field_order":0,"deinterlace_mode":0,"enabled":true,"flags":0,"hotkeys":{},"id":"mask_filter","mixers":0,"monitoring_type":0,"muted":false,"name":"Image Mask/Blend","prev_ver":486539264,"private_settings":{},"push-to-mute":false,"push-to-mute-delay":0,"push-to-talk":false,"push-to-talk-delay":0,"settings":{"image_path":"D:/OSU/GSTLIVE/stream/player mask.png","type":"mask_alpha_filter.effect"},"sync":0,"versioned_id":"mask_filter_v2","volume":1.0}],"flags":0,"hotkeys":{"hotkey_start":[],"hotkey_stop":[]},"id":"game_capture","mixers":0,"monitoring_type":0,"muted":false,"name":"osu4","prev_ver":486539264,"private_settings":{},"push-to-mute":false,"push-to-mute-delay":0,"push-to-talk":false,"push-to-talk-delay":0,"settings":{"capture_cursor":false,"capture_mode":"window","window":" Tournament Client 3:WindowsForms10.Window.2b.app.0.1ca0192_r7_ad1:osu!.exe"},"sync":0,"versioned_id":"game_capture","volume":1.0},{"balance":0.5,"deinterlace_field_order":0,"deinterlace_mode":0,"enabled":true,"flags":0,"hotkeys":{},"id":"image_source","mixers":0,"monitoring_type":0,"muted":false,"name":"top_ro16.png","prev_ver":486539264,"private_settings":{},"push-to-mute":false,"push-to-mute-delay":0,"push-to-talk":false,"push-to-talk-delay":0,"settings":{"file":"D:/OSU/Regression Rumble/top_ro16.png"},"sync":0,"versioned_id":"image_source","volume":1.0},{"balance":0.5,"deinterlace_field_order":0,"deinterlace_mode":0,"enabled":true,"flags":0,"hotkeys":{"ObsBrowser.Refresh":[],"libobs.mute":[],"libobs.push-to-mute":[],"libobs.push-to-talk":[],"libobs.unmute":[]},"id":"browser_source","mixers":255,"monitoring_type":0,"muted":false,"name":"rrchat2","prev_ver":486539264,"private_settings":{},"push-to-mute":false,"push-to-mute-delay":0,"push-to-talk":false,"push-to-talk-delay":0,"settings":{"height":300,"url":"http://localhost:24050/regression-stream-overlay/chat/","width":600},"sync":0,"versioned_id":"browser_source","volume":1.0},{"balance":0.5,"deinterlace_field_order":0,"deinterlace_mode":0,"enabled":true,"flags":0,"hotkeys":{},"id":"image_source","mixers":0,"monitoring_type":0,"muted":false,"name":"top_ro16.png (2)","prev_ver":486539264,"private_settings":{},"push-to-mute":false,"push-to-mute-delay":0,"push-to-talk":false,"push-to-talk-delay":0,"settings":{"file":"D:/OSU/Regression Rumble/top_ro16.png"},"sync":0,"versioned_id":"image_source","volume":1.0},{"balance":0.5,"deinterlace_field_order":0,"deinterlace_mode":0,"enabled":true,"flags":0,"hotkeys":{},"id":"image_source","mixers":0,"monitoring_type":0,"muted":false,"name":"stream logo.png (2)","prev_ver":486539264,"private_settings":{},"push-to-mute":false,"push-to-mute-delay":0,"push-to-talk":false,"push-to-talk-delay":0,"settings":{"file":"D:/OSU/Regression Rumble/stream logo.png"},"sync":0,"versioned_id":"image_source","volume":1.0}],"transition_duration":300,"transitions":[],"virtual-camera":{"internal":0,"scene":"","source":"","type":0}}