{
  "Ruleset": {
    "ShortName": "osu",
    "Name": "osu!",
    "InstantiationInfo": "osu.Game.Rulesets.Osu.OsuRuleset, osu.Game.Rulesets.Osu",
    "LastAppliedDifficultyVersion": 20220902,
    "Available": true
  },
  "Matches": [
    {
      "ID": 2,
      "Team1Score": null,
      "Team2Score": null,
      "Completed": false,
      "Losers": false,
      "PicksBans": [],
      "Current": false,
      "Date": "2023-07-01T22:00:00+01:00",
      "ConditionalMatches": [],
      "Position": {
        "X": 550,
        "Y": 170
      },
      "Acronyms": []
    },
    {
      "ID": 1,
      "Team1Acronym": "OYA",
      "Team1Score": 0,
      "Team2Acronym": "KAI",
      "Team2Score": 0,
      "Completed": false,
      "Losers": false,
      "PicksBans": [],
      "Current": true,
      "Date": "2023-08-12T15:00:00+01:00",
      "ConditionalMatches": [],
      "Position": {
        "X": 310,
        "Y": 140
      },
      "Acronyms": [
        "OYA",
        "KAI"
      ],
      "WinnerColour": "Blue",
      "PointsToWin": 7
    },
    {
      "ID": 3,
      "Team1Acronym": "BM",
      "Team1Score": null,
      "Team2Acronym": "JB",
      "Team2Score": null,
      "Completed": false,
      "Losers": true,
      "PicksBans": [],
      "Current": false,
      "Date": "2023-08-12T16:00:00+01:00",
      "ConditionalMatches": [],
      "Position": {
        "X": 310,
        "Y": 380
      },
      "Acronyms": [
        "BM",
        "JB"
      ],
      "WinnerColour": "Blue",
      "PointsToWin": 7
    }
  ],
  "Rounds": [
    {
      "Name": "Finals",
      "Description": "",
      "BestOf": 13,
      "Beatmaps": [
        {
          "ID": 2689633,
          "Mods": "",
          "BeatmapInfo": {
            "OnlineID": 2689633,
            "DifficultyName": "Expressionless",
            "BPM": 200.0,
            "Length": 215000.0,
            "StarRating": 6.75,
            "Metadata": {
              "Title": "Shuuen Requiem",
              "title_unicode": "終焉レクイエム",
              "Artist": "MY FIRST STORY",
              "artist_unicode": "MY FIRST STORY",
              "Author": {
                "OnlineID": 3552948,
                "Username": "SkyFlame",
                "CountryString": "Unknown"
              },
              "Source": "",
              "tags": "quarterfinals qf nm1 osu! world cup owc 2020 j-rock rock jp japanese male vocalist mfs full version ver ver.",
              "PreviewTime": -1,
              "AudioFile": "",
              "BackgroundFile": ""
            },
            "Difficulty": {
              "DrainRate": 5.9,
              "CircleSize": 4.2,
              "OverallDifficulty": 9.4,
              "ApproachRate": 9.7,
              "SliderMultiplier": 1.0,
              "SliderTickRate": 1.0
            },
            "Covers": {
              "cover@2x": "https://assets.ppy.sh/beatmaps/1296338/covers/cover@2x.jpg?1636720276",
              "card@2x": "https://assets.ppy.sh/beatmaps/1296338/covers/card@2x.jpg?1636720276",
              "list@2x": "https://assets.ppy.sh/beatmaps/1296338/covers/list@2x.jpg?1636720276"
            }
          }
        },
        {
          "ID": 3511354,
          "Mods": "",
          "BeatmapInfo": {
            "OnlineID": 3511354,
            "DifficultyName": "@ioexception gm",
            "BPM": 197.0,
            "Length": 139000.0,
            "StarRating": 6.87,
            "Metadata": {
              "Title": "Fuyu no Hime",
              "title_unicode": "冬の姫",
              "Artist": "HyuN",
              "artist_unicode": "HyuN",
              "Author": {
                "OnlineID": 3388082,
                "Username": "ThunderBird2678",
                "CountryString": "Unknown"
              },
              "Source": "",
              "tags": "featured artist princess of winter letty whiterock touhou thunderbird maple cup ro16 nm2",
              "PreviewTime": -1,
              "AudioFile": "",
              "BackgroundFile": ""
            },
            "Difficulty": {
              "DrainRate": 2.6,
              "CircleSize": 3.8,
              "OverallDifficulty": 9.0,
              "ApproachRate": 9.3,
              "SliderMultiplier": 1.0,
              "SliderTickRate": 1.0
            },
            "Covers": {
              "cover@2x": "https://assets.ppy.sh/beatmaps/1410204/covers/cover@2x.jpg?1649550617",
              "card@2x": "https://assets.ppy.sh/beatmaps/1410204/covers/card@2x.jpg?1649550617",
              "list@2x": "https://assets.ppy.sh/beatmaps/1410204/covers/list@2x.jpg?1649550617"
            }
          }
        },
        {
          "ID": 3287483,
          "Mods": "",
          "BeatmapInfo": {
            "OnlineID": 3287483,
            "DifficultyName": "Mirash x Delisha Collab",
            "BPM": 144.0,
            "Length": 200000.0,
            "StarRating": 6.21,
            "Metadata": {
              "Title": "Unmei no Kousaku",
              "title_unicode": "運命の交錯",
              "Artist": "Ariabl'eyeS",
              "artist_unicode": "Ariabl'eyeS",
              "Author": {
                "OnlineID": 2841009,
                "Username": "Mirash",
                "CountryString": "Unknown"
              },
              "Source": "",
              "tags": "owc2021ro16nm3 mirash delis",
              "PreviewTime": -1,
              "AudioFile": "",
              "BackgroundFile": ""
            },
            "Difficulty": {
              "DrainRate": 7.0,
              "CircleSize": 3.8,
              "OverallDifficulty": 8.0,
              "ApproachRate": 9.4,
              "SliderMultiplier": 1.0,
              "SliderTickRate": 1.0
            },
            "Covers": {
              "cover@2x": "https://assets.ppy.sh/beatmaps/1610080/covers/cover@2x.jpg?1641130401",
              "card@2x": "https://assets.ppy.sh/beatmaps/1610080/covers/card@2x.jpg?1641130401",
              "list@2x": "https://assets.ppy.sh/beatmaps/1610080/covers/list@2x.jpg?1641130401"
            }
          }
        },
        {
          "ID": 3287875,
          "Mods": "",
          "BeatmapInfo": {
            "OnlineID": 3287875,
            "DifficultyName": "3dyoshispin",
            "BPM": 173.0,
            "Length": 202000.0,
            "StarRating": 6.26,
            "Metadata": {
              "Title": "Hesperos",
              "title_unicode": "❂Hesperos❂",
              "Artist": "Mysteka",
              "artist_unicode": "Mysteka",
              "Author": {
                "OnlineID": 1943309,
                "Username": "Acylica",
                "CountryString": "Unknown"
              },
              "Source": "",
              "tags": "owc2021ro16nm4 electronic instrumental shikibe mayu kazato asa shizuku- zhuxiaoyan frostwich acyl dailycare morinaga synderes down",
              "PreviewTime": -1,
              "AudioFile": "",
              "BackgroundFile": ""
            },
            "Difficulty": {
              "DrainRate": 6.0,
              "CircleSize": 4.3,
              "OverallDifficulty": 9.0,
              "ApproachRate": 9.6,
              "SliderMultiplier": 1.0,
              "SliderTickRate": 1.0
            },
            "Covers": {
              "cover@2x": "https://assets.ppy.sh/beatmaps/1610294/covers/cover@2x.jpg?1652085304",
              "card@2x": "https://assets.ppy.sh/beatmaps/1610294/covers/card@2x.jpg?1652085304",
              "list@2x": "https://assets.ppy.sh/beatmaps/1610294/covers/list@2x.jpg?1652085304"
            }
          }
        },
        {
          "ID": 3880947,
          "Mods": "",
          "BeatmapInfo": {
            "OnlineID": 3880947,
            "DifficultyName": "Down's Extra",
            "BPM": 250.0,
            "Length": 238000.0,
            "StarRating": 6.18,
            "Metadata": {
              "Title": "Harder Than Diamond",
              "title_unicode": "ダイヤモンドでも砕けない",
              "Artist": "NIWASHI",
              "artist_unicode": "庭師",
              "Author": {
                "OnlineID": 4966334,
                "Username": "DeviousPanda",
                "CountryString": "Unknown"
              },
              "Source": "osu!",
              "tags": "down daycore pishifat seolv fa featured artist owc world cup 2022 finals fm4 owc2022fm4 jazz instrumental custom song track",
              "PreviewTime": -1,
              "AudioFile": "",
              "BackgroundFile": ""
            },
            "Difficulty": {
              "DrainRate": 5.0,
              "CircleSize": 3.8,
              "OverallDifficulty": 9.0,
              "ApproachRate": 9.3,
              "SliderMultiplier": 1.0,
              "SliderTickRate": 1.0
            },
            "Covers": {
              "cover@2x": "https://assets.ppy.sh/beatmaps/1884920/covers/cover@2x.jpg?1689465625",
              "card@2x": "https://assets.ppy.sh/beatmaps/1884920/covers/card@2x.jpg?1689465625",
              "list@2x": "https://assets.ppy.sh/beatmaps/1884920/covers/list@2x.jpg?1689465625"
            }
          }
        },
        {
          "ID": 2935152,
          "Mods": "",
          "BeatmapInfo": {
            "OnlineID": 2935152,
            "DifficultyName": "Estra",
            "BPM": 224.0,
            "Length": 187000.0,
            "StarRating": 5.05,
            "Metadata": {
              "Title": "Imperfection",
              "title_unicode": "インパーフェクション",
              "Artist": "hitorie",
              "artist_unicode": "ヒトリエ",
              "Author": {
                "OnlineID": 9706291,
                "Username": "Faito",
                "CountryString": "Unknown"
              },
              "Source": "",
              "tags": "",
              "PreviewTime": -1,
              "AudioFile": "",
              "BackgroundFile": ""
            },
            "Difficulty": {
              "DrainRate": 5.0,
              "CircleSize": 4.0,
              "OverallDifficulty": 9.0,
              "ApproachRate": 8.0,
              "SliderMultiplier": 1.0,
              "SliderTickRate": 1.0
            },
            "Covers": {
              "cover@2x": "https://assets.ppy.sh/beatmaps/1425377/covers/cover@2x.jpg?1620955826",
              "card@2x": "https://assets.ppy.sh/beatmaps/1425377/covers/card@2x.jpg?1620955826",
              "list@2x": "https://assets.ppy.sh/beatmaps/1425377/covers/list@2x.jpg?1620955826"
            }
          }
        },
        {
          "ID": 3750139,
          "Mods": "HD",
          "BeatmapInfo": {
            "OnlineID": 3750139,
            "DifficultyName": "Collab Expert",
            "BPM": 225.0,
            "Length": 199000.0,
            "StarRating": 6.53,
            "Metadata": {
              "Title": "Under Kids",
              "title_unicode": "アンダーキッズ",
              "Artist": "TUYU",
              "artist_unicode": "ツユ",
              "Author": {
                "OnlineID": 6673830,
                "Username": "Toumei Dragon",
                "CountryString": "Unknown"
              },
              "Source": "",
              "tags": "",
              "PreviewTime": -1,
              "AudioFile": "",
              "BackgroundFile": ""
            },
            "Difficulty": {
              "DrainRate": 4.0,
              "CircleSize": 4.5,
              "OverallDifficulty": 9.0,
              "ApproachRate": 9.3,
              "SliderMultiplier": 1.0,
              "SliderTickRate": 1.0
            },
            "Covers": {
              "cover@2x": "https://assets.ppy.sh/beatmaps/1827299/covers/cover@2x.jpg?1671202814",
              "card@2x": "https://assets.ppy.sh/beatmaps/1827299/covers/card@2x.jpg?1671202814",
              "list@2x": "https://assets.ppy.sh/beatmaps/1827299/covers/list@2x.jpg?1671202814"
            }
          }
        },
        {
          "ID": 3333550,
          "Mods": "HD",
          "BeatmapInfo": {
            "OnlineID": 3333550,
            "DifficultyName": "Petal",
            "BPM": 140.0,
            "Length": 111000.0,
            "StarRating": 5.29,
            "Metadata": {
              "Title": "SAKURA",
              "title_unicode": "さくら",
              "Artist": "Shanghai Alice (Remixed by Est)",
              "artist_unicode": "上海アリス幻樂団 (Remixed by Est)",
              "Author": {
                "OnlineID": 8402897,
                "Username": "Hishiro Chizuru",
                "CountryString": "Unknown"
              },
              "Source": "東方妖々夢　～ Perfect Cherry Blossom.",
              "tags": "amb1d3x touhou project 東方project arrange trance electronic instrumental bms さくらさくら ～ japanize dream... staff roll credits zun red vs white 06 '06",
              "PreviewTime": -1,
              "AudioFile": "",
              "BackgroundFile": ""
            },
            "Difficulty": {
              "DrainRate": 5.0,
              "CircleSize": 4.5,
              "OverallDifficulty": 8.0,
              "ApproachRate": 8.0,
              "SliderMultiplier": 1.0,
              "SliderTickRate": 1.0
            },
            "Covers": {
              "cover@2x": "https://assets.ppy.sh/beatmaps/1633133/covers/cover@2x.jpg?1640023238",
              "card@2x": "https://assets.ppy.sh/beatmaps/1633133/covers/card@2x.jpg?1640023238",
              "list@2x": "https://assets.ppy.sh/beatmaps/1633133/covers/list@2x.jpg?1640023238"
            }
          }
        },
        {
          "ID": 2578670,
          "Mods": "HD",
          "BeatmapInfo": {
            "OnlineID": 2578670,
            "DifficultyName": "AR 9",
            "BPM": 163.0,
            "Length": 148000.0,
            "StarRating": 6.35,
            "Metadata": {
              "Title": "Hazukashigariya no Toy Soldier",
              "title_unicode": "はずかしがりやのトイ・ソルジャー",
              "Artist": "AAAA",
              "artist_unicode": "ああああ",
              "Author": {
                "OnlineID": 9268730,
                "Username": "[KOR]Koeta",
                "CountryString": "Unknown"
              },
              "Source": "",
              "tags": "expew kuo kyoka kuo_kyoka akasha toy → pop fantasia! 8bit electronic britpop chiptune toypop vgm",
              "PreviewTime": -1,
              "AudioFile": "",
              "BackgroundFile": ""
            },
            "Difficulty": {
              "DrainRate": 6.0,
              "CircleSize": 4.0,
              "OverallDifficulty": 8.8,
              "ApproachRate": 9.0,
              "SliderMultiplier": 1.0,
              "SliderTickRate": 1.0
            },
            "Covers": {
              "cover@2x": "https://assets.ppy.sh/beatmaps/1173351/covers/cover@2x.jpg?1600363851",
              "card@2x": "https://assets.ppy.sh/beatmaps/1173351/covers/card@2x.jpg?1600363851",
              "list@2x": "https://assets.ppy.sh/beatmaps/1173351/covers/list@2x.jpg?1600363851"
            }
          }
        },
        {
          "ID": 3634733,
          "Mods": "HD",
          "BeatmapInfo": {
            "OnlineID": 3634733,
            "DifficultyName": "Air Jordans",
            "BPM": 171.0,
            "Length": 152000.0,
            "StarRating": 6.28,
            "Metadata": {
              "Title": "Air Ball",
              "title_unicode": "Air Ball",
              "Artist": "Blank Banshee",
              "artist_unicode": "Blank Banshee",
              "Author": {
                "OnlineID": 7288862,
                "Username": "-jordan-",
                "CountryString": "Unknown"
              },
              "Source": "",
              "tags": "electronic instrumental basketball missingnos numbers 5wc grand finals gf hidden hd3",
              "PreviewTime": -1,
              "AudioFile": "",
              "BackgroundFile": ""
            },
            "Difficulty": {
              "DrainRate": 5.0,
              "CircleSize": 4.6,
              "OverallDifficulty": 8.0,
              "ApproachRate": 8.7,
              "SliderMultiplier": 1.0,
              "SliderTickRate": 1.0
            },
            "Covers": {
              "cover@2x": "https://assets.ppy.sh/beatmaps/1775032/covers/cover@2x.jpg?1656354651",
              "card@2x": "https://assets.ppy.sh/beatmaps/1775032/covers/card@2x.jpg?1656354651",
              "list@2x": "https://assets.ppy.sh/beatmaps/1775032/covers/list@2x.jpg?1656354651"
            }
          }
        },
        {
          "ID": 3262706,
          "Mods": "HR",
          "BeatmapInfo": {
            "OnlineID": 3262706,
            "DifficultyName": "Cataclysm",
            "BPM": 200.0,
            "Length": 192000.0,
            "StarRating": 6.32,
            "Metadata": {
              "Title": "Dispel",
              "title_unicode": "Dispel",
              "Artist": "Nakamura Meiko",
              "artist_unicode": "仲村芽衣子",
              "Author": {
                "OnlineID": 2649717,
                "Username": "Yogurtt",
                "CountryString": "Unknown"
              },
              "Source": "",
              "tags": "owc2021qlhr1 owc qualifiers hr1 leviathan japanese rock jrock kalibe kusano melophobia lancero some hero hero_ic",
              "PreviewTime": -1,
              "AudioFile": "",
              "BackgroundFile": ""
            },
            "Difficulty": {
              "DrainRate": 7.0,
              "CircleSize": 4.0,
              "OverallDifficulty": 9.0,
              "ApproachRate": 9.3,
              "SliderMultiplier": 1.0,
              "SliderTickRate": 1.0
            },
            "Covers": {
              "cover@2x": "https://assets.ppy.sh/beatmaps/1597607/covers/cover@2x.jpg?1635718948",
              "card@2x": "https://assets.ppy.sh/beatmaps/1597607/covers/card@2x.jpg?1635718948",
              "list@2x": "https://assets.ppy.sh/beatmaps/1597607/covers/list@2x.jpg?1635718948"
            }
          }
        },
        {
          "ID": 1578198,
          "Mods": "HR",
          "BeatmapInfo": {
            "OnlineID": 1578198,
            "DifficultyName": "Insane",
            "BPM": 280.0,
            "Length": 105000.0,
            "StarRating": 5.26,
            "Metadata": {
              "Title": "Ryoushi no Umi no Lindwurm",
              "title_unicode": "量子の海のリントヴルム",
              "Artist": "Kuroneko Dungeon",
              "artist_unicode": "黒猫ダンジョン",
              "Author": {
                "OnlineID": 6151332,
                "Username": "squirrelpascals",
                "CountryString": "Unknown"
              },
              "Source": "jubeat copious",
              "tags": "fdsfd gordon123 beatmania iidx 23 copula bemani sdvx reflec beat limelight plus pop'n music sunnypark ポップンリズミン rhythmin gitadora sound voltex iii gravity wars ミライダガッキ futuretomtom ver.2 miraidagakki epic progressive エピックプログレ tomosuke original soundtrack モード maud dragon of mordiford quantum sea zektbach binary digits いそにん isonin",
              "PreviewTime": -1,
              "AudioFile": "",
              "BackgroundFile": ""
            },
            "Difficulty": {
              "DrainRate": 5.0,
              "CircleSize": 5.0,
              "OverallDifficulty": 8.0,
              "ApproachRate": 9.0,
              "SliderMultiplier": 1.0,
              "SliderTickRate": 1.0
            },
            "Covers": {
              "cover@2x": "https://assets.ppy.sh/beatmaps/742648/covers/cover@2x.jpg?1650663938",
              "card@2x": "https://assets.ppy.sh/beatmaps/742648/covers/card@2x.jpg?1650663938",
              "list@2x": "https://assets.ppy.sh/beatmaps/742648/covers/list@2x.jpg?1650663938"
            }
          }
        },
        {
          "ID": 2689525,
          "Mods": "HR",
          "BeatmapInfo": {
            "OnlineID": 2689525,
            "DifficultyName": "Extra",
            "BPM": 185.0,
            "Length": 108000.0,
            "StarRating": 6.16,
            "Metadata": {
              "Title": "Tantanmen",
              "title_unicode": "탄탄멘",
              "Artist": "Memme",
              "artist_unicode": "맴매",
              "Author": {
                "OnlineID": 4694602,
                "Username": "Down",
                "CountryString": "Unknown"
              },
              "Source": "PUMP IT UP XX",
              "tags": "instrumental electronic piu andamiro owc2020 qf hr3",
              "PreviewTime": -1,
              "AudioFile": "",
              "BackgroundFile": ""
            },
            "Difficulty": {
              "DrainRate": 6.5,
              "CircleSize": 4.4,
              "OverallDifficulty": 8.5,
              "ApproachRate": 9.4,
              "SliderMultiplier": 1.0,
              "SliderTickRate": 1.0
            },
            "Covers": {
              "cover@2x": "https://assets.ppy.sh/beatmaps/1296282/covers/cover@2x.jpg?1623134879",
              "card@2x": "https://assets.ppy.sh/beatmaps/1296282/covers/card@2x.jpg?1623134879",
              "list@2x": "https://assets.ppy.sh/beatmaps/1296282/covers/list@2x.jpg?1623134879"
            }
          }
        },
        {
          "ID": 2249004,
          "Mods": "HR",
          "BeatmapInfo": {
            "OnlineID": 2249004,
            "DifficultyName": "Extra",
            "BPM": 190.0,
            "Length": 173000.0,
            "StarRating": 5.47,
            "Metadata": {
              "Title": "Satellite",
              "title_unicode": "Satellite",
              "Artist": "Lena",
              "artist_unicode": "Lena",
              "Author": {
                "OnlineID": 4966334,
                "Username": "DeviousPanda",
                "CountryString": "Unknown"
              },
              "Source": "Eurovision Song Contest 2010",
              "tags": "julie frost john gordon",
              "PreviewTime": -1,
              "AudioFile": "",
              "BackgroundFile": ""
            },
            "Difficulty": {
              "DrainRate": 4.5,
              "CircleSize": 4.5,
              "OverallDifficulty": 8.5,
              "ApproachRate": 9.1,
              "SliderMultiplier": 1.0,
              "SliderTickRate": 1.0
            },
            "Covers": {
              "cover@2x": "https://assets.ppy.sh/beatmaps/1074222/covers/cover@2x.jpg?1577674232",
              "card@2x": "https://assets.ppy.sh/beatmaps/1074222/covers/card@2x.jpg?1577674232",
              "list@2x": "https://assets.ppy.sh/beatmaps/1074222/covers/list@2x.jpg?1577674232"
            }
          }
        },
        {
          "ID": 3424921,
          "Mods": "DT",
          "BeatmapInfo": {
            "OnlineID": 3424921,
            "DifficultyName": "Duet",
            "BPM": 166.0,
            "Length": 152000.0,
            "StarRating": 4.81,
            "Metadata": {
              "Title": "Kuu ni Naru",
              "title_unicode": "くうになる",
              "Artist": "MIMI",
              "artist_unicode": "MIMI",
              "Author": {
                "OnlineID": 19603724,
                "Username": "Vanya2",
                "CountryString": "Unknown"
              },
              "Source": "",
              "tags": "never fc on osu japanese pop jpop j-pop 初音ミク 可不 hatsune miku kafu kaf kaf-u vocaloid female vocal synth cevio",
              "PreviewTime": -1,
              "AudioFile": "",
              "BackgroundFile": ""
            },
            "Difficulty": {
              "DrainRate": 5.0,
              "CircleSize": 3.8,
              "OverallDifficulty": 8.0,
              "ApproachRate": 9.0,
              "SliderMultiplier": 1.0,
              "SliderTickRate": 1.0
            },
            "Covers": {
              "cover@2x": "https://assets.ppy.sh/beatmaps/1676481/covers/cover@2x.jpg?1643939468",
              "card@2x": "https://assets.ppy.sh/beatmaps/1676481/covers/card@2x.jpg?1643939468",
              "list@2x": "https://assets.ppy.sh/beatmaps/1676481/covers/list@2x.jpg?1643939468"
            }
          }
        },
        {
          "ID": 3765087,
          "Mods": "DT",
          "BeatmapInfo": {
            "OnlineID": 3765087,
            "DifficultyName": "5dkc2 edit",
            "BPM": 154.0,
            "Length": 196000.0,
            "StarRating": 4.87,
            "Metadata": {
              "Title": "LOVE BOMB",
              "title_unicode": "LOVE BOMB",
              "Artist": "fromis_9",
              "artist_unicode": "프로미스나인",
              "Author": {
                "OnlineID": 8991722,
                "Username": "Atipir",
                "CountryString": "Unknown"
              },
              "Source": "",
              "tags": "from idol school off the record 새롬 saerom 하영 hayoung 규리 gyuri 지원 jiwon 지선 jisun 서연 seoyeon 채영 chaeyoung 나경 nagyung 지헌 jiheon 5dkc2 dt2",
              "PreviewTime": -1,
              "AudioFile": "",
              "BackgroundFile": ""
            },
            "Difficulty": {
              "DrainRate": 4.0,
              "CircleSize": 3.6,
              "OverallDifficulty": 8.0,
              "ApproachRate": 8.0,
              "SliderMultiplier": 1.0,
              "SliderTickRate": 1.0
            },
            "Covers": {
              "cover@2x": "https://assets.ppy.sh/beatmaps/1833973/covers/cover@2x.jpg?1681295492",
              "card@2x": "https://assets.ppy.sh/beatmaps/1833973/covers/card@2x.jpg?1681295492",
              "list@2x": "https://assets.ppy.sh/beatmaps/1833973/covers/list@2x.jpg?1681295492"
            }
          }
        },
        {
          "ID": 2025832,
          "Mods": "DT",
          "BeatmapInfo": {
            "OnlineID": 2025832,
            "DifficultyName": "Insane",
            "BPM": 180.0,
            "Length": 233000.0,
            "StarRating": 4.65,
            "Metadata": {
              "Title": "With Fire and Sword (2013)",
              "title_unicode": "With Fire and Sword (2013)",
              "Artist": "Loki",
              "artist_unicode": "Loki",
              "Author": {
                "OnlineID": 5596337,
                "Username": "Daycore",
                "CountryString": "Unknown"
              },
              "Source": "",
              "tags": "thaehan rock metal symphonic tales of the moutains fa featured artist mappers' guild neonat taeyang wenect unranked_mapper shmiklak marvollo m_a_r_v_o_l_l_o",
              "PreviewTime": -1,
              "AudioFile": "",
              "BackgroundFile": ""
            },
            "Difficulty": {
              "DrainRate": 4.5,
              "CircleSize": 4.0,
              "OverallDifficulty": 7.0,
              "ApproachRate": 8.5,
              "SliderMultiplier": 1.0,
              "SliderTickRate": 1.0
            },
            "Covers": {
              "cover@2x": "https://assets.ppy.sh/beatmaps/963872/covers/cover@2x.jpg?1650684964",
              "card@2x": "https://assets.ppy.sh/beatmaps/963872/covers/card@2x.jpg?1650684964",
              "list@2x": "https://assets.ppy.sh/beatmaps/963872/covers/list@2x.jpg?1650684964"
            }
          }
        },
        {
          "ID": 1831280,
          "Mods": "DT",
          "BeatmapInfo": {
            "OnlineID": 1831280,
            "DifficultyName": "Extra",
            "BPM": 142.0,
            "Length": 205000.0,
            "StarRating": 4.27,
            "Metadata": {
              "Title": "Mechanic Heartbeat",
              "title_unicode": "Mechanic Heartbeat",
              "Artist": "Culprate, Keota & Sophie Meiers",
              "artist_unicode": "Culprate, Keota & Sophie Meiers",
              "Author": {
                "OnlineID": 3178418,
                "Username": "pishifat",
                "CountryString": "Unknown"
              },
              "Source": "",
              "tags": "chaoslitz jonathanlfj sinnoh lovable robot the doer of evil unity project featured artist mappers' guild",
              "PreviewTime": -1,
              "AudioFile": "",
              "BackgroundFile": ""
            },
            "Difficulty": {
              "DrainRate": 6.0,
              "CircleSize": 5.0,
              "OverallDifficulty": 7.5,
              "ApproachRate": 8.7,
              "SliderMultiplier": 1.0,
              "SliderTickRate": 1.0
            },
            "Covers": {
              "cover@2x": "https://assets.ppy.sh/beatmaps/876227/covers/cover@2x.jpg?1650671424",
              "card@2x": "https://assets.ppy.sh/beatmaps/876227/covers/card@2x.jpg?1650671424",
              "list@2x": "https://assets.ppy.sh/beatmaps/876227/covers/list@2x.jpg?1650671424"
            }
          }
        },
        {
          "ID": 2125720,
          "Mods": "HP",
          "BeatmapInfo": {
            "OnlineID": 2125720,
            "DifficultyName": "Jelljel's Extra",
            "BPM": 210.0,
            "Length": 134000.0,
            "StarRating": 6.69,
            "Metadata": {
              "Title": "Grievous Lady",
              "title_unicode": "Grievous Lady",
              "Artist": "Team Grimoire vs. Laur",
              "artist_unicode": "Team Grimoire vs. Laur",
              "Author": {
                "OnlineID": 3135958,
                "Username": "Feruver",
                "CountryString": "Unknown"
              },
              "Source": "Arcaea",
              "tags": "sly instinct ajisai iphong avoidedoki jacktvn azrael_- notabox kittytrax bubblekid finallyv xzenifx cubby jelljel gaohao arcaea melodic darkcore vicious labyrinth electronic video game instrumental",
              "PreviewTime": -1,
              "AudioFile": "",
              "BackgroundFile": ""
            },
            "Difficulty": {
              "DrainRate": 4.0,
              "CircleSize": 6.0,
              "OverallDifficulty": 8.0,
              "ApproachRate": 9.4,
              "SliderMultiplier": 1.0,
              "SliderTickRate": 1.0
            },
            "Covers": {
              "cover@2x": "https://assets.ppy.sh/beatmaps/778719/covers/cover@2x.jpg?1650698671",
              "card@2x": "https://assets.ppy.sh/beatmaps/778719/covers/card@2x.jpg?1650698671",
              "list@2x": "https://assets.ppy.sh/beatmaps/778719/covers/list@2x.jpg?1650698671"
            }
          }
        },
        {
          "ID": 3841983,
          "Mods": "FM",
          "BeatmapInfo": {
            "OnlineID": 3841983,
            "DifficultyName": "Sheesh",
            "BPM": 232.0,
            "Length": 190000.0,
            "StarRating": 7.12,
            "Metadata": {
              "Title": "Golden Days Remix",
              "title_unicode": "Golden Days Remix",
              "Artist": "Fexomat & SumOne",
              "artist_unicode": "Fexomat & SumOne",
              "Author": {
                "OnlineID": 3144542,
                "Username": "fergas",
                "CountryString": "Unknown"
              },
              "Source": "",
              "tags": "owc2022ro32fm2",
              "PreviewTime": -1,
              "AudioFile": "",
              "BackgroundFile": ""
            },
            "Difficulty": {
              "DrainRate": 7.0,
              "CircleSize": 3.0,
              "OverallDifficulty": 8.0,
              "ApproachRate": 9.1,
              "SliderMultiplier": 1.0,
              "SliderTickRate": 1.0
            },
            "Covers": {
              "cover@2x": "https://assets.ppy.sh/beatmaps/1867675/covers/cover@2x.jpg?1668380425",
              "card@2x": "https://assets.ppy.sh/beatmaps/1867675/covers/card@2x.jpg?1668380425",
              "list@2x": "https://assets.ppy.sh/beatmaps/1867675/covers/list@2x.jpg?1668380425"
            }
          }
        },
        {
          "ID": 3245623,
          "Mods": "FM",
          "BeatmapInfo": {
            "OnlineID": 3245623,
            "DifficultyName": "Repeat",
            "BPM": 180.0,
            "Length": 281000.0,
            "StarRating": 5.77,
            "Metadata": {
              "Title": "Rererepeat",
              "title_unicode": "リリリピート",
              "Artist": "frederic",
              "artist_unicode": "フレデリック",
              "Author": {
                "OnlineID": 3086393,
                "Username": "n0ah",
                "CountryString": "Unknown"
              },
              "Source": "",
              "tags": "",
              "PreviewTime": -1,
              "AudioFile": "",
              "BackgroundFile": ""
            },
            "Difficulty": {
              "DrainRate": 6.0,
              "CircleSize": 5.0,
              "OverallDifficulty": 8.0,
              "ApproachRate": 8.0,
              "SliderMultiplier": 1.0,
              "SliderTickRate": 1.0
            },
            "Covers": {
              "cover@2x": "https://assets.ppy.sh/beatmaps/1589017/covers/cover@2x.jpg?1644944429",
              "card@2x": "https://assets.ppy.sh/beatmaps/1589017/covers/card@2x.jpg?1644944429",
              "list@2x": "https://assets.ppy.sh/beatmaps/1589017/covers/list@2x.jpg?1644944429"
            }
          }
        },
        {
          "ID": 1888862,
          "Mods": "FM",
          "BeatmapInfo": {
            "OnlineID": 1888862,
            "DifficultyName": "A Dance of Esotericism and Vitalism",
            "BPM": 168.0,
            "Length": 279000.0,
            "StarRating": 6.0,
            "Metadata": {
              "Title": "Kyoukyou no Fortunate Polka",
              "title_unicode": "狂響のフォーチュネットポルカ",
              "Artist": "Shinra-Bansho",
              "artist_unicode": "森羅万象",
              "Author": {
                "OnlineID": 4541873,
                "Username": "Yukiyo",
                "CountryString": "Unknown"
              },
              "Source": "東方天空璋　～ Hidden Star in Four Seasons.",
              "tags": "season 4 you touhou project クレイジーバックダンサーズ crazy backdancer backup dancers 爾子田 里乃 nishida satono 丁礼田 舞 teireida mai 東方天空璋　～ hidden star in four seasons theme stage 5 boss curved lasers twins あやぽんず＊ あよ ayaponzu* ayo 東方project zun kowari robicoco101",
              "PreviewTime": -1,
              "AudioFile": "",
              "BackgroundFile": ""
            },
            "Difficulty": {
              "DrainRate": 5.6,
              "CircleSize": 3.5,
              "OverallDifficulty": 8.6,
              "ApproachRate": 9.0,
              "SliderMultiplier": 1.0,
              "SliderTickRate": 1.0
            },
            "Covers": {
              "cover@2x": "https://assets.ppy.sh/beatmaps/904962/covers/cover@2x.jpg?1650676349",
              "card@2x": "https://assets.ppy.sh/beatmaps/904962/covers/card@2x.jpg?1650676349",
              "list@2x": "https://assets.ppy.sh/beatmaps/904962/covers/list@2x.jpg?1650676349"
            }
          }
        },
        {
          "ID": 4001956,
          "Mods": "TB",
          "BeatmapInfo": {
            "OnlineID": 4001956,
            "DifficultyName": "The Moon",
            "BPM": 210.0,
            "Length": 432000.0,
            "StarRating": 6.91,
            "Metadata": {
              "Title": "Beyond the Millennium",
              "title_unicode": "Beyond the Millennium",
              "Artist": "HAGISOPH",
              "artist_unicode": "HAGISOPH",
              "Author": {
                "OnlineID": 5039710,
                "Username": "Doomsdaddy",
                "CountryString": "Unknown"
              },
              "Source": "東方永夜抄　～ Imperishable Night",
              "tags": "asomosphere touhou project eiyashou eternal night vignette zun team shanghai alice 上海アリス幻樂団 doomsday gensokyo millennium history of the moon voyage 1969 full flavor piano hardcore riddim neurofunk crossbreed hard dance schranz hi-tech hitech fullon drum and bass dnb metal speedcore instrumental marathon sauna cup grand final gf tb tie breaker",
              "PreviewTime": -1,
              "AudioFile": "",
              "BackgroundFile": ""
            },
            "Difficulty": {
              "DrainRate": 5.0,
              "CircleSize": 4.2,
              "OverallDifficulty": 8.6,
              "ApproachRate": 9.6,
              "SliderMultiplier": 1.0,
              "SliderTickRate": 1.0
            },
            "Covers": {
              "cover@2x": "https://assets.ppy.sh/beatmaps/1936251/covers/cover@2x.jpg?1679139061",
              "card@2x": "https://assets.ppy.sh/beatmaps/1936251/covers/card@2x.jpg?1679139061",
              "list@2x": "https://assets.ppy.sh/beatmaps/1936251/covers/list@2x.jpg?1679139061"
            }
          }
        }
      ],
      "StartDate": "2023-08-12T13:48:57.3003617+01:00",
      "Matches": [
        1,
        3
      ]
    }
  ],
  "Teams": [
    {
      "FullName": "Oyama Mahiro",
      "FlagName": "TW",
      "Acronym": "OYA",
      "SeedingResults": [],
      "Seed": "",
      "LastYearPlacing": 1,
      "AverageRank": 14001.75,
      "Players": [
        {
          "id": 15184992,
          "Username": "Summer_Ouo",
          "country_code": "TW",
          "Rank": 23083,
          "CoverUrl": "https://assets.ppy.sh/user-profile-covers/15184992/54624f6d13a21c1703a49d4743a8875e475dd128184072f98ae887a61ac6dc61.jpeg"
        },
        {
          "id": 16288992,
          "Username": "Ruyaya",
          "country_code": "TW",
          "Rank": 10067,
          "CoverUrl": "https://assets.ppy.sh/user-profile-covers/16288992/9352495d8bc040cddeac428701f7d25edb802d8a701b9ff0d1ff8387b50ed2ed.jpeg"
        },
        {
          "id": 9984860,
          "Username": "Yue0429",
          "country_code": "TW",
          "Rank": 11200,
          "CoverUrl": "https://assets.ppy.sh/user-profile-covers/9984860/61cec35b16791b290b1638c5de31520a1f2c31f348e1be8f4bf7ab2cea525fb6.jpeg"
        },
        {
          "id": 4113311,
          "Username": "Yue0424",
          "country_code": "TW",
          "Rank": 11657,
          "CoverUrl": "https://osu.ppy.sh/images/headers/profile-covers/c4.jpg"
        }
      ]
    },
    {
      "FullName": "kailburn pirates",
      "FlagName": "KR",
      "Acronym": "KAI",
      "SeedingResults": [],
      "Seed": "",
      "LastYearPlacing": 1,
      "AverageRank": 10668.0,
      "Players": [
        {
          "id": 9586445,
          "Username": "kailburn",
          "country_code": "KR",
          "Rank": 11444,
          "CoverUrl": "https://assets.ppy.sh/user-profile-covers/9586445/bca559eb34f0cc39532f4f175e2a9396bf6bf5d19442117b03d071d107a8a7b2.jpeg"
        },
        {
          "id": 1433427,
          "Username": "myhan3",
          "country_code": "KR",
          "Rank": 10992,
          "CoverUrl": "https://osu.ppy.sh/images/headers/profile-covers/c4.jpg"
        },
        {
          "id": 4560592,
          "Username": "NoGari",
          "country_code": "KR",
          "Rank": 9321,
          "CoverUrl": "https://assets.ppy.sh/user-profile-covers/4560592/ffab7dd850b95fd65f8bd8ab542e6196bb7aead567c8d687e209fa0c82298090.png"
        },
        {
          "id": 9082441,
          "Username": "Pieris",
          "country_code": "KR",
          "Rank": 10915,
          "CoverUrl": "https://assets.ppy.sh/user-profile-covers/9082441/8800cd8b286a0e12a7625786a7d9363feb3439fc883af507ff37c9fef1868ca6.jpeg"
        }
      ]
    },
    {
      "FullName": "Banana Milkshake",
      "FlagName": "",
      "Acronym": "BM",
      "SeedingResults": [],
      "Seed": "",
      "LastYearPlacing": 1,
      "AverageRank": 17797.75,
      "Players": [
        {
          "id": 6622650,
          "Username": "marcellasne_",
          "country_code": "SG",
          "Rank": 11324,
          "CoverUrl": "https://assets.ppy.sh/user-profile-covers/6622650/996f70260975178523bc3ba2dfc630bb1085953fe1118981ff8047a2d571ba57.jpeg"
        },
        {
          "id": 10463129,
          "Username": "mija-",
          "country_code": "RU",
          "Rank": 34342,
          "CoverUrl": "https://assets.ppy.sh/user-profile-covers/10463129/88ea615a20644a7e3ad70b9d15b1a65d5856f4702c119b2875606f96fa027570.png"
        },
        {
          "id": 9459674,
          "Username": "Ice Shark",
          "country_code": "RU",
          "Rank": 14065,
          "CoverUrl": "https://assets.ppy.sh/user-profile-covers/9459674/a1dc33c061d4d77bf2a319b4b72f98923b27d4934fc3b3bfb65a8e440d57b131.jpeg"
        },
        {
          "id": 5472693,
          "Username": "Agent5d",
          "country_code": "PL",
          "Rank": 11460,
          "CoverUrl": "https://assets.ppy.sh/user-profile-covers/5472693/9cf145dd2389c52b228b95fc9002f402a6584452d0705b7776340d72b1f280b3.png"
        }
      ]
    },
    {
      "FullName": "Jambon-beurre",
      "FlagName": "JB",
      "Acronym": "JB",
      "SeedingResults": [],
      "Seed": "",
      "LastYearPlacing": 1,
      "AverageRank": 33976.75,
      "Players": [
        {
          "id": 22232975,
          "Username": "BsTT",
          "country_code": "US",
          "Rank": 49680,
          "CoverUrl": "https://assets.ppy.sh/user-profile-covers/22232975/5c5bb0a57e8ecad3f23678eab329c3dff798613a4f9f0d6460ce6ada25708740.jpeg"
        },
        {
          "id": 6973354,
          "Username": "____________",
          "country_code": "FR",
          "Rank": 27207,
          "CoverUrl": "https://assets.ppy.sh/user-profile-covers/6973354/ff1dbd4749028fe61e01dfe8aa9aff1ab4c7d76c38fef95a1260e5fad628a013.jpeg"
        },
        {
          "id": 11189164,
          "Username": "Ryshult",
          "country_code": "FR",
          "Rank": 41900,
          "CoverUrl": "https://assets.ppy.sh/user-profile-covers/11189164/68d49a140ac70dc11cfec3b6cff1397670ad5d938f0f5d1a191c8341cd0e52d8.jpeg"
        },
        {
          "id": 29189596,
          "Username": "notelock",
          "country_code": "DE",
          "Rank": 17120,
          "CoverUrl": "https://assets.ppy.sh/user-profile-covers/29189596/f3de6abd15f76edd5f840a8962b36eaad70d1e8f9544e070701705a87eed3e62.jpeg"
        }
      ]
    }
  ],
  "Progressions": [
    {
      "SourceID": 1,
      "TargetID": 2
    },
    {
      "SourceID": 3,
      "TargetID": 2
    }
  ],
  "ChromaKeyWidth": 1366,
  "PlayersPerTeam": 4,
  "AutoProgressScreens": true,
  "SplitMapPoolByMods": true
}