{
    "beatmaps": [
        {
            "beatmap_id": 3802256,
            "identifier": "NM1",
            "mods": "NM",
            "sr": 7.83,
            "title": "Shipwrecked [CAMO'S KEELHAULED]",
            "artist": "Alestorm",
            "mapper": "mapper",
            "beatmapset_id": 1850895
        },
        {
            "beatmap_id": 4225477,
            "identifier": "NM2",
            "mods": "NM",
            "sr": 7.64,
            "title": "Laur - Euphoria [Rhapsody]",
            "artist": "Laur - Euphoria [Rhapsody]",
            "mapper": "mapper",
            "beatmapset_id": 2027746
        },
        {
            "beatmap_id": 4103881,
            "identifier": "NM3",
            "mods": "NM",
            "sr": 7.38,
            "title": "Reincarnation Apple feat. Hatsune Miku [Horsace's Favorite Apple]",
            "artist": "PinocchioP",
            "mapper": "mapper",
            "beatmapset_id": 1976954
        },
        {
            "beatmap_id": 3865612,
            "identifier": "NM4",
            "mods": "NM",
            "sr": 7.33,
            "title": "Mirzam [Sebastian's Monsters]",
            "artist": "Aoi vs. siqlo",
            "mapper": "mapper",
            "beatmapset_id": 1877892
        },
        {
            "beatmap_id": 4061109,
            "identifier": "NM5",
            "mods": "NM",
            "sr": 6.66,
            "title": "Proof of the existence [hd2]",
            "artist": "Nekomata Master+",
            "mapper": "mapper",
            "beatmapset_id": 1959815
        },
        {
            "beatmap_id": 3207481,
            "identifier": "HD1",
            "mods": "HD",
            "sr": 7.28,
            "title": "Koiseyo Otome! [when meguru sees it]",
            "artist": "Yonekura Chihiro",
            "mapper": "mapper",
            "beatmapset_id": 1570753
        },
        {
            "beatmap_id": 1351972,
            "identifier": "HD2",
            "mods": "HD",
            "sr": 7.16,
            "title": "SYNERGY [REEEEEEEEEEEEEEEEEEEEEE]",
            "artist": "lapix",
            "mapper": "mapper",
            "beatmapset_id": 637233
        },
        {
            "beatmap_id": 3659079,
            "identifier": "HR1",
            "mods": "HR",
            "sr": 7.66,
            "title": "ASEED [Empress]",
            "artist": "ZAQ",
            "mapper": "mapper",
            "beatmapset_id": 1786219
        },
        {
            "beatmap_id": 3180421,
            "identifier": "HR2",
            "mods": "HR",
            "sr": 6.88,
            "title": "Corruption [tourney vers]",
            "artist": "3R2",
            "mapper": "mapper",
            "beatmapset_id": 1556852
        },
        {
            "beatmap_id": 1409814,
            "identifier": "DT1",
            "mods": "DT",
            "sr": 7.42,
            "title": "Find the blue [Delusion]",
            "artist": "Ito Kanako",
            "mapper": "mapper",
            "beatmapset_id": 612658
        },
        {
            "beatmap_id": 3491703,
            "identifier": "DT2",
            "mods": "DT",
            "sr": 7.7,
            "title": "Hoshi no Utsuwa ~ Casket of Star [Lunatic]",
            "artist": "ZUN",
            "mapper": "mapper",
            "beatmapset_id": 1708803
        },
        {
            "beatmap_id": 656386,
            "identifier": "DT3",
            "mods": "DT",
            "sr": 7.76,
            "title": "Furuki Yuanxian ~ Death Echo [Lunatic]",
            "artist": "Demetori",
            "mapper": "mapper",
            "beatmapset_id": 291517
        },
        {
            "beatmap_id": 3612598,
            "identifier": "FM1",
            "mods": "FM",
            "sr": 7.72,
            "title": "Meshimase!! Nyan-Nyan Nightmare [Chaotic Catboys' Collab]",
            "artist": "katagiri",
            "mapper": "mapper",
            "beatmapset_id": 1764907
        },
        {
            "beatmap_id": 4158057,
            "identifier": "FM2",
            "mods": "FM",
            "sr": 7.09,
            "title": "Kouzen no Himitsu [another]",
            "artist": "Sheena Ringo",
            "mapper": "mapper",
            "beatmapset_id": 2000086
        },
        {
            "beatmap_id": 4043359,
            "identifier": "TB1",
            "mods": "TB",
            "sr": 7.97,
            "title": "Kyuukou [collab w/ oTwinkle & Ilay]",
            "artist": "katagiri",
            "mapper": "mapper",
            "beatmapset_id": 1952542
        }
    ]
}