{
  "Ruleset": {
    "ShortName": "osu",
    "Name": "osu!",
    "InstantiationInfo": "osu.Game.Rulesets.Osu.OsuRuleset, osu.Game.Rulesets.Osu",
    "LastAppliedDifficultyVersion": 20220902,
    "Available": true
  },
  "Matches": [
    {
      "ID": 4,
      "Team1Score": null,
      "Team2Score": null,
      "Completed": false,
      "Losers": false,
      "PicksBans": [],
      "Current": false,
      "Date": "2023-08-12T09:00:00-07:00",
      "ConditionalMatches": [],
      "Position": {
        "X": 847,
        "Y": 366
      },
      "Acronyms": [],
      "PointsToWin": 6
    },
    {
      "ID": 14,
      "Team1Score": null,
      "Team2Score": null,
      "Completed": false,
      "Losers": false,
      "PicksBans": [],
      "Current": false,
      "Date": "2023-08-12T09:00:00-07:00",
      "ConditionalMatches": [],
      "Position": {
        "X": 847,
        "Y": 934
      },
      "Acronyms": [],
      "PointsToWin": 6
    },
    {
      "ID": 7,
      "Team1Score": null,
      "Team2Score": null,
      "Completed": false,
      "Losers": false,
      "PicksBans": [],
      "Current": false,
      "Date": "2023-08-19T09:00:00-07:00",
      "ConditionalMatches": [],
      "Position": {
        "X": 1155,
        "Y": 633
      },
      "Acronyms": [],
      "PointsToWin": 7
    },
    {
      "ID": 19,
      "Team1Score": null,
      "Team2Score": null,
      "Completed": false,
      "Losers": true,
      "PicksBans": [],
      "Current": false,
      "Date": "2023-08-19T09:00:00-07:00",
      "ConditionalMatches": [],
      "Position": {
        "X": 845,
        "Y": 1373
      },
      "Acronyms": [],
      "PointsToWin": 7
    },
    {
      "ID": 23,
      "Team1Score": null,
      "Team2Score": null,
      "Completed": false,
      "Losers": true,
      "PicksBans": [],
      "Current": false,
      "Date": "2023-08-19T09:00:00-07:00",
      "ConditionalMatches": [],
      "Position": {
        "X": 845,
        "Y": 1661
      },
      "Acronyms": [],
      "PointsToWin": 7
    },
    {
      "ID": 20,
      "Team1Score": null,
      "Team2Score": null,
      "Completed": false,
      "Losers": true,
      "PicksBans": [],
      "Current": false,
      "Date": "2023-08-19T09:00:00-07:00",
      "ConditionalMatches": [],
      "Position": {
        "X": 1154,
        "Y": 1521
      },
      "Acronyms": [],
      "PointsToWin": 7
    },
    {
      "ID": 8,
      "Team1Score": null,
      "Team2Score": null,
      "Completed": false,
      "Losers": false,
      "PicksBans": [],
      "Current": false,
      "Date": "2023-08-26T09:00:00-07:00",
      "ConditionalMatches": [],
      "Position": {
        "X": 1482,
        "Y": 633
      },
      "Acronyms": [],
      "PointsToWin": 7
    },
    {
      "ID": 21,
      "Team1Score": null,
      "Team2Score": null,
      "Completed": false,
      "Losers": true,
      "PicksBans": [],
      "Current": false,
      "Date": "2023-08-26T09:00:00-07:00",
      "ConditionalMatches": [],
      "Position": {
        "X": 1490,
        "Y": 1521
      },
      "Acronyms": [],
      "PointsToWin": 7
    },
    {
      "ID": 9,
      "Team1Score": null,
      "Team2Score": null,
      "Completed": false,
      "Losers": false,
      "PicksBans": [],
      "Current": false,
      "Date": "2023-08-26T09:00:00-07:00",
      "ConditionalMatches": [],
      "Position": {
        "X": 1808,
        "Y": 633
      },
      "Acronyms": [],
      "PointsToWin": 7
    },
    {
      "ID": 18,
      "Team1Score": null,
      "Team2Score": null,
      "Completed": false,
      "Losers": true,
      "PicksBans": [],
      "Current": false,
      "Date": "2023-08-12T09:00:00-07:00",
      "ConditionalMatches": [],
      "Position": {
        "X": 541,
        "Y": 1373
      },
      "Acronyms": [],
      "PointsToWin": 6
    },
    {
      "ID": 22,
      "Team1Score": null,
      "Team2Score": null,
      "Completed": false,
      "Losers": true,
      "PicksBans": [],
      "Current": false,
      "Date": "2023-08-12T09:00:00-07:00",
      "ConditionalMatches": [],
      "Position": {
        "X": 536,
        "Y": 1660
      },
      "Acronyms": [],
      "PointsToWin": 6
    },
    {
      "ID": 3,
      "Team1Acronym": "FEU",
      "Team1Score": 0,
      "Team2Acronym": "18C",
      "Team2Score": 0,
      "Completed": false,
      "Losers": false,
      "PicksBans": [],
      "Current": true,
      "Date": "2023-07-23T21:00:00+00:00",
      "ConditionalMatches": [],
      "Position": {
        "X": -69,
        "Y": 349
      },
      "Acronyms": [
        "FEU",
        "18C"
      ],
      "WinnerColour": "Blue",
      "PointsToWin": 5
    },
    {
      "ID": 5,
      "Team1Acronym": "FEU",
      "Team1Score": 5,
      "Team2Acronym": "S_C",
      "Team2Score": 3,
      "Completed": true,
      "Losers": false,
      "PicksBans": [],
      "Current": false,
      "Date": "2023-07-16T15:00:00-07:00",
      "ConditionalMatches": [],
      "Position": {
        "X": -69,
        "Y": 517
      },
      "Acronyms": [
        "FEU",
        "S_C"
      ],
      "PointsToWin": 5
    },
    {
      "ID": 10,
      "Team1Acronym": "FEU",
      "Team1Score": null,
      "Team2Acronym": "BEL",
      "Team2Score": null,
      "Completed": false,
      "Losers": false,
      "PicksBans": [],
      "Current": false,
      "Date": "2023-07-23T20:00:00+00:00",
      "ConditionalMatches": [],
      "Position": {
        "X": -67,
        "Y": 679
      },
      "Acronyms": [
        "FEU",
        "BEL"
      ],
      "WinnerColour": "Blue",
      "PointsToWin": 5
    },
    {
      "ID": 2,
      "Team1Acronym": "18C",
      "Team1Score": null,
      "Team2Acronym": "S_C",
      "Team2Score": null,
      "Completed": false,
      "Losers": false,
      "PicksBans": [],
      "Current": false,
      "Date": "2023-07-23T12:30:00-07:00",
      "ConditionalMatches": [],
      "Position": {
        "X": -318,
        "Y": 349
      },
      "Acronyms": [
        "18C",
        "S_C"
      ],
      "WinnerColour": "Blue",
      "PointsToWin": 5
    },
    {
      "ID": 6,
      "Team1Acronym": "18C",
      "Team1Score": null,
      "Team2Acronym": "BEL",
      "Team2Score": null,
      "Completed": false,
      "Losers": false,
      "PicksBans": [],
      "Current": false,
      "Date": "2023-07-29T19:00:00+00:00",
      "ConditionalMatches": [],
      "Position": {
        "X": -320,
        "Y": 521
      },
      "Acronyms": [
        "18C",
        "BEL"
      ],
      "WinnerColour": "Blue",
      "PointsToWin": 5
    },
    {
      "ID": 1,
      "Team1Acronym": "S_C",
      "Team1Score": null,
      "Team2Acronym": "BEL",
      "Team2Score": null,
      "Completed": false,
      "Losers": false,
      "PicksBans": [],
      "Current": false,
      "Date": "2023-07-22T11:00:00-07:00",
      "ConditionalMatches": [],
      "Position": {
        "X": -562,
        "Y": 349
      },
      "Acronyms": [
        "S_C",
        "BEL"
      ],
      "WinnerColour": "Blue",
      "PointsToWin": 5
    },
    {
      "ID": 12,
      "Team1Acronym": "LOL",
      "Team1Score": null,
      "Team2Acronym": "PeS",
      "Team2Score": null,
      "Completed": false,
      "Losers": false,
      "PicksBans": [],
      "Current": false,
      "Date": "2023-07-23T15:00:00+00:00",
      "ConditionalMatches": [],
      "Position": {
        "X": -66,
        "Y": 843
      },
      "Acronyms": [
        "LOL",
        "PeS"
      ],
      "WinnerColour": "Blue",
      "PointsToWin": 5
    },
    {
      "ID": 11,
      "Team1Acronym": "PeS",
      "Team1Score": null,
      "Team2Acronym": "BWB",
      "Team2Score": null,
      "Completed": false,
      "Losers": false,
      "PicksBans": [],
      "Current": false,
      "Date": "2023-07-29T18:30:00+00:00",
      "ConditionalMatches": [],
      "Position": {
        "X": -315,
        "Y": 843
      },
      "Acronyms": [
        "PeS",
        "BWB"
      ],
      "WinnerColour": "Blue",
      "PointsToWin": 5
    },
    {
      "ID": 13,
      "Team1Acronym": "BWB",
      "Team1Score": null,
      "Team2Acronym": "7 B",
      "Team2Score": null,
      "Completed": false,
      "Losers": false,
      "PicksBans": [],
      "Current": false,
      "Date": "2023-07-23T11:30:00-07:00",
      "ConditionalMatches": [],
      "Position": {
        "X": -579,
        "Y": 846
      },
      "Acronyms": [
        "BWB",
        "7 B"
      ],
      "WinnerColour": "Blue",
      "PointsToWin": 5
    },
    {
      "ID": 16,
      "Team1Acronym": "PeS",
      "Team1Score": 3,
      "Team2Acronym": "7 B",
      "Team2Score": 5,
      "Completed": true,
      "Losers": false,
      "PicksBans": [],
      "Current": false,
      "Date": "2023-07-15T11:15:00-07:00",
      "ConditionalMatches": [],
      "Position": {
        "X": -310,
        "Y": 1008
      },
      "Acronyms": [
        "PeS",
        "7 B"
      ],
      "WinnerColour": "Blue",
      "PointsToWin": 5
    },
    {
      "ID": 15,
      "Team1Acronym": "LOL",
      "Team1Score": null,
      "Team2Acronym": "BWB",
      "Team2Score": null,
      "Completed": false,
      "Losers": false,
      "PicksBans": [],
      "Current": false,
      "Date": "2023-07-22T19:30:00+00:00",
      "ConditionalMatches": [],
      "Position": {
        "X": -62,
        "Y": 1006
      },
      "Acronyms": [
        "LOL",
        "BWB"
      ],
      "WinnerColour": "Blue",
      "PointsToWin": 5
    },
    {
      "ID": 17,
      "Team1Acronym": "LOL",
      "Team1Score": null,
      "Team2Acronym": "7 B",
      "Team2Score": null,
      "Completed": false,
      "Losers": false,
      "PicksBans": [],
      "Current": false,
      "Date": "2023-07-23T17:00:00+00:00",
      "ConditionalMatches": [],
      "Position": {
        "X": -57,
        "Y": 1167
      },
      "Acronyms": [
        "LOL",
        "7 B"
      ],
      "WinnerColour": "Blue",
      "PointsToWin": 5
    }
  ],
  "Rounds": [
    {
      "Name": "Group Stage",
      "Description": "",
      "BestOf": 9,
      "Beatmaps": [
        {
          "ID": 1290650,
          "Mods": "NM",
          "BeatmapInfo": {
            "OnlineID": 1290650,
            "DifficultyName": "Sunshine!!",
            "BPM": 200.0,
            "Length": 274000.0,
            "StarRating": 7.11,
            "Metadata": {
              "Title": "Aozora Jumping Heart",
              "title_unicode": "青空Jumping Heart",
              "Artist": "Aqours",
              "artist_unicode": "Aqours",
              "Author": {
                "OnlineID": 5710809,
                "Username": "Sakurauchi Riko",
                "CountryString": "Unknown"
              },
              "Source": "ラブライブ！サンシャイン!!",
              "tags": "phyloukz 桜内梨子 full ver love live! sunshine anime school idol project japanese inami anju 伊波杏樹 aida rikako 逢田梨香子 suwa nanaka 諏訪ななか komiya arisa 小宮有紗 saito shuka 斉藤朱夏 kobayashi aika 小林愛香 takatsuki kanako 高槻かなこ suzuki aina 鈴木愛奈 furihata ai 降幡 愛 takami chika 高海千歌 matsuura kanan 松浦果南 kurosawa dia 黒澤ダイヤ watanabe you 渡辺 曜 tsushima yoshiko 津島善子 kunikida hanamaru 国木田花丸 ohara mari 小原鞠莉 kurosawa ruby 黒澤ルビィ kyle y akitoshi corinn -laura-",
              "PreviewTime": -1,
              "AudioFile": "",
              "BackgroundFile": ""
            },
            "Difficulty": {
              "DrainRate": 6.5,
              "CircleSize": 4.0,
              "OverallDifficulty": 9.6,
              "ApproachRate": 9.7,
              "SliderMultiplier": 1.0,
              "SliderTickRate": 1.0
            },
            "Covers": {
              "cover@2x": "https://assets.ppy.sh/beatmaps/611367/covers/cover@2x.jpg?1650650008",
              "card@2x": "https://assets.ppy.sh/beatmaps/611367/covers/card@2x.jpg?1650650008",
              "list@2x": "https://assets.ppy.sh/beatmaps/611367/covers/list@2x.jpg?1650650008"
            }
          }
        },
        {
          "ID": 2918146,
          "Mods": "NM",
          "BeatmapInfo": {
            "OnlineID": 2918146,
            "DifficultyName": "not corsace",
            "BPM": 200.0,
            "Length": 99000.0,
            "StarRating": 7.16,
            "Metadata": {
              "Title": "Inscape",
              "title_unicode": "Inscape",
              "Artist": "technoplanet",
              "artist_unicode": "technoplanet",
              "Author": {
                "OnlineID": 5918561,
                "Username": "J1_",
                "CountryString": "Unknown"
              },
              "Source": "",
              "tags": "maple cup qf nm2",
              "PreviewTime": -1,
              "AudioFile": "",
              "BackgroundFile": ""
            },
            "Difficulty": {
              "DrainRate": 5.5,
              "CircleSize": 3.8,
              "OverallDifficulty": 9.0,
              "ApproachRate": 9.5,
              "SliderMultiplier": 1.0,
              "SliderTickRate": 1.0
            },
            "Covers": {
              "cover@2x": "https://assets.ppy.sh/beatmaps/1415999/covers/cover@2x.jpg?1619406046",
              "card@2x": "https://assets.ppy.sh/beatmaps/1415999/covers/card@2x.jpg?1619406046",
              "list@2x": "https://assets.ppy.sh/beatmaps/1415999/covers/list@2x.jpg?1619406046"
            }
          }
        },
        {
          "ID": 3714679,
          "Mods": "NM",
          "BeatmapInfo": {
            "OnlineID": 3714679,
            "DifficultyName": "Affection",
            "BPM": 150.0,
            "Length": 261000.0,
            "StarRating": 6.77,
            "Metadata": {
              "Title": "Darekare Scramble",
              "title_unicode": "誰彼スクランブル",
              "Artist": "halca",
              "artist_unicode": "halca",
              "Author": {
                "OnlineID": 12763959,
                "Username": "Matsuyuki Ame",
                "CountryString": "Unknown"
              },
              "Source": "Engage Kiss",
              "tags": "rk657 project エンゲージ・キス japanese rock jrock j-rock anime opening op full size gazimal poyoyo",
              "PreviewTime": -1,
              "AudioFile": "",
              "BackgroundFile": ""
            },
            "Difficulty": {
              "DrainRate": 5.0,
              "CircleSize": 4.0,
              "OverallDifficulty": 9.2,
              "ApproachRate": 9.7,
              "SliderMultiplier": 1.0,
              "SliderTickRate": 1.0
            },
            "Covers": {
              "cover@2x": "https://assets.ppy.sh/beatmaps/1811044/covers/cover@2x.jpg?1670233447",
              "card@2x": "https://assets.ppy.sh/beatmaps/1811044/covers/card@2x.jpg?1670233447",
              "list@2x": "https://assets.ppy.sh/beatmaps/1811044/covers/list@2x.jpg?1670233447"
            }
          }
        },
        {
          "ID": 3775432,
          "Mods": "NM",
          "BeatmapInfo": {
            "OnlineID": 3775432,
            "DifficultyName": "Mach 5",
            "BPM": 175.0,
            "Length": 121000.0,
            "StarRating": 6.7,
            "Metadata": {
              "Title": "Hypersonik",
              "title_unicode": "Hypersonik",
              "Artist": "Eagle",
              "artist_unicode": "Eagle",
              "Author": {
                "OnlineID": 4564285,
                "Username": "Ascended",
                "CountryString": "Unknown"
              },
              "Source": "beatmania IIDX 21 SPADA",
              "tags": "kors k korsk bemani electronic instrumental neurofunk drum and bass drumandbass dnb drum&bass beatmania iidx infinitas flask zhuxiaoyan frostwich frostwhich stwi synderes jas craezy otosaka-yu otosakayu suzuki_1112 suzuki1112 jounzan natteke_desu natteke desu nattekedesu evilelvisv2 aistre alphabet venax neilperry mir frey dahkjdas seolv lukas [_l_u_k_a_s_] [lukas] -ascended- -_ascended_- deppyforce jascended",
              "PreviewTime": -1,
              "AudioFile": "",
              "BackgroundFile": ""
            },
            "Difficulty": {
              "DrainRate": 5.5,
              "CircleSize": 4.0,
              "OverallDifficulty": 9.0,
              "ApproachRate": 9.6,
              "SliderMultiplier": 1.0,
              "SliderTickRate": 1.0
            },
            "Covers": {
              "cover@2x": "https://assets.ppy.sh/beatmaps/1834293/covers/cover@2x.jpg?1668979632",
              "card@2x": "https://assets.ppy.sh/beatmaps/1834293/covers/card@2x.jpg?1668979632",
              "list@2x": "https://assets.ppy.sh/beatmaps/1834293/covers/list@2x.jpg?1668979632"
            }
          }
        },
        {
          "ID": 3186729,
          "Mods": "NM",
          "BeatmapInfo": {
            "OnlineID": 3186729,
            "DifficultyName": "Yoari's MAXIMUM",
            "BPM": 238.0,
            "Length": 120000.0,
            "StarRating": 7.21,
            "Metadata": {
              "Title": "ReviveR",
              "title_unicode": "ЯeviveR",
              "Artist": "Diceros Bicornis",
              "artist_unicode": "Diceros Bicornis",
              "Author": {
                "OnlineID": 10676766,
                "Username": "Naylicia",
                "CountryString": "Unknown"
              },
              "Source": "SOUND VOLTEX VIVID WAVE",
              "tags": "wonki famoss sdvx xi blacky the 9th kac konami arcade championship bemani video game electronic instrumental yoari",
              "PreviewTime": -1,
              "AudioFile": "",
              "BackgroundFile": ""
            },
            "Difficulty": {
              "DrainRate": 5.0,
              "CircleSize": 4.5,
              "OverallDifficulty": 9.4,
              "ApproachRate": 9.7,
              "SliderMultiplier": 1.0,
              "SliderTickRate": 1.0
            },
            "Covers": {
              "cover@2x": "https://assets.ppy.sh/beatmaps/1560235/covers/cover@2x.jpg?1669401013",
              "card@2x": "https://assets.ppy.sh/beatmaps/1560235/covers/card@2x.jpg?1669401013",
              "list@2x": "https://assets.ppy.sh/beatmaps/1560235/covers/list@2x.jpg?1669401013"
            }
          }
        },
        {
          "ID": 1776939,
          "Mods": "HD",
          "BeatmapInfo": {
            "OnlineID": 1776939,
            "DifficultyName": "Corruption",
            "BPM": 135.0,
            "Length": 233000.0,
            "StarRating": 6.74,
            "Metadata": {
              "Title": "The Clockwork Rose -Tokei Shikake no Bara Shoujo-",
              "title_unicode": "The Clockwork Rose -時計仕掛けの薔薇少女-",
              "Artist": "Hatsuki Yura",
              "artist_unicode": "葉月ゆら",
              "Author": {
                "OnlineID": 4525153,
                "Username": "My Angel Watame",
                "CountryString": "Unknown"
              },
              "Source": "",
              "tags": "gothic electronic japanese 月棘苑子 jigake drop xlolicore- elsa valentine celine deppyforce kkipalt xenok",
              "PreviewTime": -1,
              "AudioFile": "",
              "BackgroundFile": ""
            },
            "Difficulty": {
              "DrainRate": 6.0,
              "CircleSize": 4.2,
              "OverallDifficulty": 9.0,
              "ApproachRate": 9.5,
              "SliderMultiplier": 1.0,
              "SliderTickRate": 1.0
            },
            "Covers": {
              "cover@2x": "https://assets.ppy.sh/beatmaps/849824/covers/cover@2x.jpg?1623045915",
              "card@2x": "https://assets.ppy.sh/beatmaps/849824/covers/card@2x.jpg?1623045915",
              "list@2x": "https://assets.ppy.sh/beatmaps/849824/covers/list@2x.jpg?1623045915"
            }
          }
        },
        {
          "ID": 4036151,
          "Mods": "HD",
          "BeatmapInfo": {
            "OnlineID": 4036151,
            "DifficultyName": "Raijodo & a_Blue’s Collab Expert",
            "BPM": 180.0,
            "Length": 229000.0,
            "StarRating": 5.89,
            "Metadata": {
              "Title": "Sakura no Uta",
              "title_unicode": "櫻ノ詩",
              "Artist": "Hana",
              "artist_unicode": "はな",
              "Author": {
                "OnlineID": 1233255,
                "Username": "PandaHero",
                "CountryString": "Unknown"
              },
              "Source": "サクラノ詩 -櫻の森の上を舞う-",
              "tags": "share app raijodo a_blue yamadarknesss sakura no mori no ue o mau metrowing makura 枕 eroge galgame",
              "PreviewTime": -1,
              "AudioFile": "",
              "BackgroundFile": ""
            },
            "Difficulty": {
              "DrainRate": 7.0,
              "CircleSize": 4.0,
              "OverallDifficulty": 8.0,
              "ApproachRate": 8.0,
              "SliderMultiplier": 1.0,
              "SliderTickRate": 1.0
            },
            "Covers": {
              "cover@2x": "https://assets.ppy.sh/beatmaps/1889701/covers/cover@2x.jpg?1686941926",
              "card@2x": "https://assets.ppy.sh/beatmaps/1889701/covers/card@2x.jpg?1686941926",
              "list@2x": "https://assets.ppy.sh/beatmaps/1889701/covers/list@2x.jpg?1686941926"
            }
          }
        },
        {
          "ID": 687624,
          "Mods": "HR",
          "BeatmapInfo": {
            "OnlineID": 687624,
            "DifficultyName": "GRAVITY",
            "BPM": 205.0,
            "Length": 118000.0,
            "StarRating": 6.61,
            "Metadata": {
              "Title": "LegenD.",
              "title_unicode": "LegenD.",
              "Artist": "Yooh",
              "artist_unicode": "Yooh",
              "Author": {
                "OnlineID": 2127359,
                "Username": "Akali",
                "CountryString": "Unknown"
              },
              "Source": "SOUND VOLTEX III - GRAVITY WARS -",
              "tags": "sdvx",
              "PreviewTime": -1,
              "AudioFile": "",
              "BackgroundFile": ""
            },
            "Difficulty": {
              "DrainRate": 6.0,
              "CircleSize": 4.0,
              "OverallDifficulty": 9.0,
              "ApproachRate": 9.5,
              "SliderMultiplier": 1.0,
              "SliderTickRate": 1.0
            },
            "Covers": {
              "cover@2x": "https://assets.ppy.sh/beatmaps/307319/covers/cover@2x.jpg?1622085638",
              "card@2x": "https://assets.ppy.sh/beatmaps/307319/covers/card@2x.jpg?1622085638",
              "list@2x": "https://assets.ppy.sh/beatmaps/307319/covers/list@2x.jpg?1622085638"
            }
          }
        },
        {
          "ID": 2719439,
          "Mods": "HR",
          "BeatmapInfo": {
            "OnlineID": 2719439,
            "DifficultyName": "read aokana",
            "BPM": 185.0,
            "Length": 168000.0,
            "StarRating": 6.41,
            "Metadata": {
              "Title": "Mugen Kidou",
              "title_unicode": "Mugen Kidou",
              "Artist": "Elements Garden",
              "artist_unicode": "Elements Garden",
              "Author": {
                "OnlineID": 4785223,
                "Username": "Nathan",
                "CountryString": "Unknown"
              },
              "Source": "蒼の彼方のフォーリズム",
              "tags": "owc 2020 gf grand finals fm2 i love misaki apraxia",
              "PreviewTime": -1,
              "AudioFile": "",
              "BackgroundFile": ""
            },
            "Difficulty": {
              "DrainRate": 4.0,
              "CircleSize": 5.0,
              "OverallDifficulty": 9.0,
              "ApproachRate": 8.4,
              "SliderMultiplier": 1.0,
              "SliderTickRate": 1.0
            },
            "Covers": {
              "cover@2x": "https://assets.ppy.sh/beatmaps/1312130/covers/cover@2x.jpg?1609097457",
              "card@2x": "https://assets.ppy.sh/beatmaps/1312130/covers/card@2x.jpg?1609097457",
              "list@2x": "https://assets.ppy.sh/beatmaps/1312130/covers/list@2x.jpg?1609097457"
            }
          }
        },
        {
          "ID": 1964320,
          "Mods": "DT",
          "BeatmapInfo": {
            "OnlineID": 1964320,
            "DifficultyName": "papple's Insane",
            "BPM": 175.0,
            "Length": 211000.0,
            "StarRating": 5.02,
            "Metadata": {
              "Title": "Marine Bloomin'",
              "title_unicode": "Marine Bloomin'",
              "Artist": "Hachioji P x Marty Friedman x Kano",
              "artist_unicode": "八王子P × マーティ・フリードマン × 鹿乃",
              "Author": {
                "OnlineID": 9590557,
                "Username": "Firika",
                "CountryString": "Unknown"
              },
              "Source": "",
              "tags": "アイマリンプロジェクト imarine project japanese jpop 8#prince hachiojip わかむらp wakamurap papple104 dored sinn",
              "PreviewTime": -1,
              "AudioFile": "",
              "BackgroundFile": ""
            },
            "Difficulty": {
              "DrainRate": 6.0,
              "CircleSize": 4.0,
              "OverallDifficulty": 8.0,
              "ApproachRate": 9.0,
              "SliderMultiplier": 1.0,
              "SliderTickRate": 1.0
            },
            "Covers": {
              "cover@2x": "https://assets.ppy.sh/beatmaps/819424/covers/cover@2x.jpg?1650676740",
              "card@2x": "https://assets.ppy.sh/beatmaps/819424/covers/card@2x.jpg?1650676740",
              "list@2x": "https://assets.ppy.sh/beatmaps/819424/covers/list@2x.jpg?1650676740"
            }
          }
        },
        {
          "ID": 4108775,
          "Mods": "DT",
          "BeatmapInfo": {
            "OnlineID": 4108775,
            "DifficultyName": "Insane",
            "BPM": 154.0,
            "Length": 250000.0,
            "StarRating": 5.05,
            "Metadata": {
              "Title": "Millarca",
              "title_unicode": "Millarca",
              "Artist": "-45",
              "artist_unicode": "-45",
              "Author": {
                "OnlineID": 9131844,
                "Username": "228",
                "CountryString": "Unknown"
              },
              "Source": "",
              "tags": "aye1337 yoshikawa45 akito yoshikawa dva d'va;;;;;;;;5 featured artist fa electronic instrumental",
              "PreviewTime": -1,
              "AudioFile": "",
              "BackgroundFile": ""
            },
            "Difficulty": {
              "DrainRate": 6.0,
              "CircleSize": 4.0,
              "OverallDifficulty": 8.0,
              "ApproachRate": 8.5,
              "SliderMultiplier": 1.0,
              "SliderTickRate": 1.0
            },
            "Covers": {
              "cover@2x": "https://assets.ppy.sh/beatmaps/1978407/covers/cover@2x.jpg?1684535857",
              "card@2x": "https://assets.ppy.sh/beatmaps/1978407/covers/card@2x.jpg?1684535857",
              "list@2x": "https://assets.ppy.sh/beatmaps/1978407/covers/list@2x.jpg?1684535857"
            }
          }
        },
        {
          "ID": 3021082,
          "Mods": "DT",
          "BeatmapInfo": {
            "OnlineID": 3021082,
            "DifficultyName": "Fright",
            "BPM": 148.0,
            "Length": 223000.0,
            "StarRating": 5.15,
            "Metadata": {
              "Title": "Ghosts Play to the Audience",
              "title_unicode": "おばけのウケねらい",
              "Artist": "PinocchioP feat. Hatsune Miku",
              "artist_unicode": "ピノキオピー feat. 初音ミク",
              "Author": {
                "OnlineID": 3181083,
                "Username": "AJT",
                "CountryString": "Unknown"
              },
              "Source": "",
              "tags": "yokespai corsace closed cc 2021 playins dt1 japanese pop electropop utaite vocaloid obake no ukenerai cover nanawoakari ナナヲアカリ 零号 zero-go",
              "PreviewTime": -1,
              "AudioFile": "",
              "BackgroundFile": ""
            },
            "Difficulty": {
              "DrainRate": 5.0,
              "CircleSize": 5.0,
              "OverallDifficulty": 8.0,
              "ApproachRate": 8.0,
              "SliderMultiplier": 1.0,
              "SliderTickRate": 1.0
            },
            "Covers": {
              "cover@2x": "https://assets.ppy.sh/beatmaps/1471627/covers/cover@2x.jpg?1627332290",
              "card@2x": "https://assets.ppy.sh/beatmaps/1471627/covers/card@2x.jpg?1627332290",
              "list@2x": "https://assets.ppy.sh/beatmaps/1471627/covers/list@2x.jpg?1627332290"
            }
          }
        },
        {
          "ID": 118068,
          "Mods": "FM",
          "BeatmapInfo": {
            "OnlineID": 118068,
            "DifficultyName": "Chaos",
            "BPM": 240.0,
            "Length": 307000.0,
            "StarRating": 6.7,
            "Metadata": {
              "Title": "Kokou no Sousei",
              "title_unicode": "Kokou no Sousei",
              "Artist": "Yousei Teikoku",
              "artist_unicode": "Yousei Teikoku",
              "Author": {
                "OnlineID": 444506,
                "Username": "Saten-san",
                "CountryString": "Unknown"
              },
              "Source": "",
              "tags": "gothic lolita propaganda teras medi-chan onosakihito",
              "PreviewTime": -1,
              "AudioFile": "",
              "BackgroundFile": ""
            },
            "Difficulty": {
              "DrainRate": 7.0,
              "CircleSize": 4.0,
              "OverallDifficulty": 7.0,
              "ApproachRate": 9.0,
              "SliderMultiplier": 1.0,
              "SliderTickRate": 1.0
            },
            "Covers": {
              "cover@2x": "https://assets.ppy.sh/beatmaps/28705/covers/cover@2x.jpg?1650608282",
              "card@2x": "https://assets.ppy.sh/beatmaps/28705/covers/card@2x.jpg?1650608282",
              "list@2x": "https://assets.ppy.sh/beatmaps/28705/covers/list@2x.jpg?1650608282"
            }
          }
        },
        {
          "ID": 3387202,
          "Mods": "FM",
          "BeatmapInfo": {
            "OnlineID": 3387202,
            "DifficultyName": "Extra Stage",
            "BPM": 171.0,
            "Length": 180000.0,
            "StarRating": 5.95,
            "Metadata": {
              "Title": "Heian no Alien",
              "title_unicode": "平安のエイリアン",
              "Artist": "ZUN",
              "artist_unicode": "ZUN",
              "Author": {
                "OnlineID": 4598899,
                "Username": "Halfslashed",
                "CountryString": "Unknown"
              },
              "Source": "東方星蓮船　～ Undefined Fantastic Object.",
              "tags": "th12 touhou seirensen nue houjuu 封獣　ぬえ owc2020 semifinals sf fm2 video game instrumental defiance quanhitter39 shurelia nik nikolomara 東方project project ufo team shanghai alice",
              "PreviewTime": -1,
              "AudioFile": "",
              "BackgroundFile": ""
            },
            "Difficulty": {
              "DrainRate": 5.0,
              "CircleSize": 5.0,
              "OverallDifficulty": 8.0,
              "ApproachRate": 8.0,
              "SliderMultiplier": 1.0,
              "SliderTickRate": 1.0
            },
            "Covers": {
              "cover@2x": "https://assets.ppy.sh/beatmaps/1301413/covers/cover@2x.jpg?1648935759",
              "card@2x": "https://assets.ppy.sh/beatmaps/1301413/covers/card@2x.jpg?1648935759",
              "list@2x": "https://assets.ppy.sh/beatmaps/1301413/covers/list@2x.jpg?1648935759"
            }
          }
        },
        {
          "ID": 2324126,
          "Mods": "TB",
          "BeatmapInfo": {
            "OnlineID": 2324126,
            "DifficultyName": "EPILOGUE",
            "BPM": 204.0,
            "Length": 300000.0,
            "StarRating": 7.11,
            "Metadata": {
              "Title": "EINHERJAR",
              "title_unicode": "EINHERJAR",
              "Artist": "ELFENSJoN",
              "artist_unicode": "ELFENSJóN",
              "Author": {
                "OnlineID": 7342798,
                "Username": "_Epreus",
                "CountryString": "Unknown"
              },
              "Source": "",
              "tags": "osu! featured artist fa mappers' mapper's guild japanese vocal rock 黒瀬 圭亮 okogeeechann",
              "PreviewTime": -1,
              "AudioFile": "",
              "BackgroundFile": ""
            },
            "Difficulty": {
              "DrainRate": 6.0,
              "CircleSize": 4.6,
              "OverallDifficulty": 9.3,
              "ApproachRate": 9.6,
              "SliderMultiplier": 1.0,
              "SliderTickRate": 1.0
            },
            "Covers": {
              "cover@2x": "https://assets.ppy.sh/beatmaps/1112424/covers/cover@2x.jpg?1641131940",
              "card@2x": "https://assets.ppy.sh/beatmaps/1112424/covers/card@2x.jpg?1641131940",
              "list@2x": "https://assets.ppy.sh/beatmaps/1112424/covers/list@2x.jpg?1641131940"
            }
          }
        }
      ],
      "StartDate": "2023-07-15T09:00:00-07:00",
      "Matches": [
        3,
        5,
        10,
        2,
        6,
        1,
        12,
        11,
        13,
        16,
        15,
        17
      ]
    },
    {
      "Name": "Semifinals",
      "Description": "",
      "BestOf": 11,
      "Beatmaps": [],
      "StartDate": "2023-08-12T09:00:00-07:00",
      "Matches": [
        4,
        14,
        18,
        22
      ]
    },
    {
      "Name": "Finals",
      "Description": "",
      "BestOf": 13,
      "Beatmaps": [],
      "StartDate": "2023-08-19T09:00:00-07:00",
      "Matches": [
        7,
        19,
        23,
        20
      ]
    },
    {
      "Name": "Grand Finals",
      "Description": "",
      "BestOf": 13,
      "Beatmaps": [],
      "StartDate": "2023-08-26T09:00:00-07:00",
      "Matches": [
        8,
        21,
        9
      ]
    }
  ],
  "Teams": [
    {
      "FullName": "Fck europe",
      "FlagName": "US",
      "Acronym": "FEU",
      "SeedingResults": [],
      "Seed": "",
      "LastYearPlacing": 1,
      "AverageRank": 531.125,
      "Players": [
        {
          "id": 11715109,
          "Username": "AlmightyDoor",
          "country_code": "US",
          "Rank": 523,
          "CoverUrl": "https://assets.ppy.sh/user-profile-covers/11715109/2050cc82b615b08ab8565b13a6e933cb6da785b8c4b98dd9ae2111b80614623d.gif"
        },
        {
          "id": 5645231,
          "Username": "dingleton",
          "country_code": "US",
          "Rank": 100,
          "CoverUrl": "https://assets.ppy.sh/user-profile-covers/5645231/2ed05939922c9f4a6063ca7adaf0931eec6ca7cbe9172d9c3a0aee26b55c1804.jpeg"
        },
        {
          "id": 4830687,
          "Username": "BoshyMan741",
          "country_code": "US",
          "Rank": 235,
          "CoverUrl": "https://assets.ppy.sh/user-profile-covers/4830687/98a16d60f203f4f122f8657fd562475b98a78877b3577c88a2495b4c217ec9e7.jpeg"
        },
        {
          "id": 8802914,
          "Username": "-Arko",
          "country_code": "US",
          "Rank": 1001,
          "CoverUrl": "https://osu.ppy.sh/images/headers/profile-covers/c5.jpg"
        },
        {
          "id": 10051720,
          "Username": "Saryi",
          "country_code": "CA",
          "Rank": 448,
          "CoverUrl": "https://assets.ppy.sh/user-profile-covers/10051720/cd0d2d9deb7aefb3e47743fdd34e17d5cfc3c36d86f58f173601f14810910748.jpeg"
        },
        {
          "id": 13214651,
          "Username": "Talullah",
          "country_code": "US",
          "Rank": 221,
          "CoverUrl": "https://assets.ppy.sh/user-profile-covers/13214651/12adebea78e61fc77c07e56a17a1cb65a184f77093153f3f447c42aff0d71b93.jpeg"
        },
        {
          "id": 6303313,
          "Username": "Mathyu",
          "country_code": "US",
          "Rank": 351,
          "CoverUrl": "https://assets.ppy.sh/user-profile-covers/6303313/2bcd4118f7d0ccef20d5b7772420940d7db2dc0b37abf0cce6e137f028ecef7a.jpeg"
        },
        {
          "id": 1429071,
          "Username": "LolForest",
          "country_code": "US",
          "Rank": 1370,
          "CoverUrl": "https://assets.ppy.sh/user-profile-covers/1429071/339f5688570d1b255aa7f35a00bcc3389f6609ab4ec267119a482dc7d4557e78.jpeg"
        }
      ]
    },
    {
      "FullName": "lolol234",
      "FlagName": "CN",
      "Acronym": "LOL",
      "SeedingResults": [],
      "Seed": "",
      "LastYearPlacing": 1,
      "AverageRank": 759.5,
      "Players": [
        {
          "id": 5791401,
          "Username": "lolol234",
          "country_code": "CN",
          "Rank": 567,
          "CoverUrl": "https://assets.ppy.sh/user-profile-covers/5791401/7de0dadd5e354ea38dde8e78400ea42e3df08bd115326ace2d57ed0ab321b867.jpeg"
        },
        {
          "id": 10549880,
          "Username": "ninerik",
          "country_code": "NO",
          "Rank": 6,
          "CoverUrl": "https://osu.ppy.sh/images/headers/profile-covers/c2.jpg"
        },
        {
          "id": 13380270,
          "Username": "Kama",
          "country_code": "US",
          "Rank": 292,
          "CoverUrl": "https://osu.ppy.sh/images/headers/profile-covers/c7.jpg"
        },
        {
          "id": 11684622,
          "Username": "Sh3rg_",
          "country_code": "DE",
          "Rank": 198,
          "CoverUrl": "https://assets.ppy.sh/user-profile-covers/11684622/cdc6d92c00f6db582c89c986d0365a30c4fb2e49b567518f09ec9253864ccc15.png"
        },
        {
          "id": 11207004,
          "Username": "tfge",
          "country_code": "CL",
          "Rank": 1575,
          "CoverUrl": "https://assets.ppy.sh/user-profile-covers/11207004/6805d2bece879e50fdd7d8bb2ecad2c19a09ff90518d55b665fed5ae2da27466.png"
        },
        {
          "id": 10434787,
          "Username": "CharleLee",
          "country_code": "FR",
          "Rank": 2859,
          "CoverUrl": "https://assets.ppy.sh/user-profile-covers/10434787/a6056845130741d4ab21f8c2aa519177deeda498191247d27a3ebeface9fcde2.jpeg"
        },
        {
          "id": 9993348,
          "Username": "ur cute",
          "country_code": "US",
          "Rank": 93,
          "CoverUrl": "https://assets.ppy.sh/user-profile-covers/9993348/c202698da74e84660799971072138f54c0ac90dd053e9514c0ee9fd59550a365.jpeg"
        },
        {
          "id": 4797389,
          "Username": "AbrahamR",
          "country_code": "US",
          "Rank": 486,
          "CoverUrl": "https://assets.ppy.sh/user-profile-covers/4797389/db22ff341691d62e72f3f108f5921dbfc91bdd5dbb870e5fbcca8104b2137a0c.gif"
        }
      ]
    },
    {
      "FullName": "18 character limit",
      "FlagName": "AR",
      "Acronym": "18C",
      "SeedingResults": [],
      "Seed": "",
      "LastYearPlacing": 1,
      "AverageRank": 923.875,
      "Players": [
        {
          "id": 13065919,
          "Username": "R1cho",
          "country_code": "AR",
          "Rank": 180,
          "CoverUrl": "https://assets.ppy.sh/user-profile-covers/13065919/8db8261319836ea3f6281e22492fb897458c5887a99ddbf9a51f3b62c63ffe9c.jpeg"
        },
        {
          "id": 2291265,
          "Username": "Arnold24x24",
          "country_code": "PE",
          "Rank": 18,
          "CoverUrl": "https://assets.ppy.sh/user-profile-covers/2291265/69a195f691fb05fda2d2a937acf0c4b7c0d1bc842150b284b25a632457f2aa9c.jpeg"
        },
        {
          "id": 8788058,
          "Username": "Jakson",
          "country_code": "US",
          "Rank": 170,
          "CoverUrl": "https://assets.ppy.sh/user-profile-covers/8788058/2425d6dd5739eaecad0d1fb799fd6dd33a46399c04db4280a67756c3391cc643.png"
        },
        {
          "id": 10640486,
          "Username": "GRANDMASTER",
          "country_code": "NO",
          "Rank": 332,
          "CoverUrl": "https://assets.ppy.sh/user-profile-covers/10640486/87da9ef54e95cb49373ba27ac98ad5d4b65476d3da44ef5f826e32b8e845bb73.jpeg"
        },
        {
          "id": 9265990,
          "Username": "rng_",
          "country_code": "US",
          "Rank": 1116,
          "CoverUrl": "https://assets.ppy.sh/user-profile-covers/9265990/f4e17b95fe958411e8b4acd59b883bfbbc76edee4bed66a76d4e21ca8a67301a.jpeg"
        },
        {
          "id": 12260184,
          "Username": "-Koda",
          "country_code": "US",
          "Rank": 646,
          "CoverUrl": "https://assets.ppy.sh/user-profile-covers/12260184/8cd03db3cd8d5b348233b4e8c0201b17efdf3abdcefdd5d49d536932901790e5.jpeg"
        },
        {
          "id": 6671641,
          "Username": "Ophiz",
          "country_code": "IE",
          "Rank": 1193,
          "CoverUrl": "https://assets.ppy.sh/user-profile-covers/6671641/dce1d563e0a362e88955e29af29df8c7363e0dde576ff8c95c732c42016e02e7.jpeg"
        },
        {
          "id": 11940767,
          "Username": "Carlosflow",
          "country_code": "CO",
          "Rank": 3736,
          "CoverUrl": "https://assets.ppy.sh/user-profile-covers/11940767/d38e316bdf8ec1a808c487f73f0aed1c8aec17418feca419e61446f8d333a631.jpeg"
        }
      ]
    },
    {
      "FullName": "Polle eSport",
      "FlagName": "DK",
      "Acronym": "PeS",
      "SeedingResults": [],
      "Seed": "",
      "LastYearPlacing": 1,
      "AverageRank": 807.875,
      "Players": [
        {
          "id": 11380904,
          "Username": "cat burger",
          "country_code": "DK",
          "Rank": 1023,
          "CoverUrl": "https://assets.ppy.sh/user-profile-covers/11380904/befd375d5786346bcdf3f0539ec7b12923633e6348a3b84e472d7de2604aae4b.gif"
        },
        {
          "id": 11269055,
          "Username": "creepy reader",
          "country_code": "US",
          "Rank": 125,
          "CoverUrl": "https://assets.ppy.sh/user-profile-covers/11269055/c2a8177ec68f6237fd348765f10bb0ed76f8063b47e0f915964b461d5f30e02a.jpeg"
        },
        {
          "id": 6387149,
          "Username": "kiirochii",
          "country_code": "IT",
          "Rank": 191,
          "CoverUrl": "https://osu.ppy.sh/images/headers/profile-covers/c3.jpg"
        },
        {
          "id": 5425046,
          "Username": "Vespirit",
          "country_code": "CA",
          "Rank": 665,
          "CoverUrl": "https://assets.ppy.sh/user-profile-covers/5425046/60e3ac484e8b79e74a4f0822e45cb951b8ab48d3d34bcbc8f418eae44b072ff6.gif"
        },
        {
          "id": 6404488,
          "Username": "WillCookie",
          "country_code": "US",
          "Rank": 252,
          "CoverUrl": "https://assets.ppy.sh/user-profile-covers/6404488/6320a246110a232bd4989898e131dc2e257f0dd244a890dc1223cc5a421760c5.png"
        },
        {
          "id": 13218204,
          "Username": "Polle",
          "country_code": "DK",
          "Rank": 1732,
          "CoverUrl": "https://assets.ppy.sh/user-profile-covers/13218204/5cf0b3c0a97bd652524567360e172c964d884892ba4eecec83873577c48f1c32.jpeg"
        },
        {
          "id": 10325072,
          "Username": "Fiaee",
          "country_code": "FR",
          "Rank": 2073,
          "CoverUrl": "https://assets.ppy.sh/user-profile-covers/10325072/1b74ab2cfb8f9578b4e32f5c9ecc61f4fd3ece2496bc03ad9df1c97467972a8b.jpeg"
        },
        {
          "id": 12353810,
          "Username": "papercandle",
          "country_code": "NO",
          "Rank": 402,
          "CoverUrl": "https://assets.ppy.sh/user-profile-covers/12353810/293b90ea72a9c345cb356d2d10c21517c9475fc0ed2076d3092a78acd19dea8b.jpeg"
        }
      ]
    },
    {
      "FullName": ":smirk_cat:",
      "FlagName": "JE",
      "Acronym": "S_C",
      "SeedingResults": [],
      "Seed": "",
      "LastYearPlacing": 1,
      "AverageRank": 699.875,
      "Players": [
        {
          "id": 11592896,
          "Username": "rudj",
          "country_code": "JE",
          "Rank": 31,
          "CoverUrl": "https://assets.ppy.sh/user-profile-covers/11592896/d428fb81edb372e593ccf0d4d544cb68954bdf4547c69ea2502fe92ed8969d2e.png"
        },
        {
          "id": 9501251,
          "Username": "ChillierPear",
          "country_code": "US",
          "Rank": 297,
          "CoverUrl": "https://assets.ppy.sh/user-profile-covers/9501251/84a274f07f3961c047787a9055540c5cbc2cc8fe5398109681ccadc76c4045ab.png"
        },
        {
          "id": 2590257,
          "Username": "wudci",
          "country_code": "US",
          "Rank": 83,
          "CoverUrl": "https://assets.ppy.sh/user-profile-covers/2590257/d5eb79cf4a2c204b575ab997ee31fbdf476f3336c41a1980b7a7dc77ffadb2c4.jpeg"
        },
        {
          "id": 22710559,
          "Username": "Sp1cyy",
          "country_code": "CA",
          "Rank": 160,
          "CoverUrl": "https://assets.ppy.sh/user-profile-covers/22710559/4ef737261004b2c23fd9a4eec0927e2ae08b9654bfe3c90e0e40f833fc13bc4f.jpeg"
        },
        {
          "id": 12904237,
          "Username": "Gabey",
          "country_code": "US",
          "Rank": 1041,
          "CoverUrl": "https://assets.ppy.sh/user-profile-covers/12904237/3556f779c805181d391239e6d35f1208bb3251335a4032cb69f61633bfac6ee6.png"
        },
        {
          "id": 13207763,
          "Username": "Flameztear",
          "country_code": "US",
          "Rank": 656,
          "CoverUrl": "https://assets.ppy.sh/user-profile-covers/13207763/a9598b1ecd6b62cb0463c373921e4063803205f8175c85e9f0d4570d1795c8ea.jpeg"
        },
        {
          "id": 7154358,
          "Username": "Cuckweezy",
          "country_code": "US",
          "Rank": 931,
          "CoverUrl": "https://assets.ppy.sh/user-profile-covers/7154358/42054465989ca9e520125b8f9403f40920b4b43731a4bc58c313d64e87dafb3a.jpeg"
        },
        {
          "id": 4673649,
          "Username": "-Schwarts",
          "country_code": "US",
          "Rank": 2400,
          "CoverUrl": "https://assets.ppy.sh/user-profile-covers/4673649/59abe0cf1fab9a44bac1cc77d61c0dfb2c872850d186b2cf6ca1257ec1bd6607.jpeg"
        }
      ]
    },
    {
      "FullName": "ballers will ball",
      "FlagName": "US",
      "Acronym": "BWB",
      "SeedingResults": [],
      "Seed": "",
      "LastYearPlacing": 1,
      "AverageRank": 1039.625,
      "Players": [
        {
          "id": 8581210,
          "Username": "LightsOut",
          "country_code": "US",
          "Rank": 187,
          "CoverUrl": "https://assets.ppy.sh/user-profile-covers/8581210/4e5169259d5b867886f83debcc379a06cc45b0d9e017583cd91e64d51460b441.gif"
        },
        {
          "id": 7813296,
          "Username": "Rektygon",
          "country_code": "US",
          "Rank": 23,
          "CoverUrl": "https://assets.ppy.sh/user-profile-covers/7813296/0e289e9d2bb5403be083a11ca728de93d924b15d26aec4e4e780f865977f0204.jpeg"
        },
        {
          "id": 10651106,
          "Username": "rhythm game",
          "country_code": "US",
          "Rank": 1059,
          "CoverUrl": "https://assets.ppy.sh/user-profile-covers/10651106/a6f306f9fd7ebe32a6b6ec22f2dcbf3eab6af7938ffe0fb6bac952439167fd02.jpeg"
        },
        {
          "id": 15173952,
          "Username": "BATBALL",
          "country_code": "US",
          "Rank": 4466,
          "CoverUrl": "https://assets.ppy.sh/user-profile-covers/15173952/3090b974f35d3b1ca91a918ddbc3f6a6f99380a93b0a86a74be3171884f9060a.jpeg"
        },
        {
          "id": 5477343,
          "Username": "kurtis-",
          "country_code": "CA",
          "Rank": 209,
          "CoverUrl": "https://assets.ppy.sh/user-profile-covers/5477343/520c5362fa7cef9962c33f9129db3adf1ee9ac210dd8d7d12fe44761bc906233.png"
        },
        {
          "id": 2848604,
          "Username": "toybot",
          "country_code": "US",
          "Rank": 988,
          "CoverUrl": "https://assets.ppy.sh/user-profile-covers/2848604/19c9ebb4db448783c5d29c2bc5d69a077e7f5df6dc7d7f7b120edc24ca2ebac3.jpeg"
        },
        {
          "id": 8666950,
          "Username": "DarkKarate",
          "country_code": "CA",
          "Rank": 1072,
          "CoverUrl": "https://assets.ppy.sh/user-profile-covers/8666950/aa08f040c7df72c9c7b3c64212eca522547bd3912eb096c1c775c504f8018325.jpeg"
        },
        {
          "id": 9276293,
          "Username": "EzChock",
          "country_code": "US",
          "Rank": 313,
          "CoverUrl": "https://assets.ppy.sh/user-profile-covers/9276293/5fdbfa35663d8bd8a730d81b53e215b5a01a5517a1cc43fcf546adfe7edc5cc9.png"
        }
      ]
    },
    {
      "FullName": "bellend burger",
      "FlagName": "SM",
      "Acronym": "BEL",
      "SeedingResults": [],
      "Seed": "",
      "LastYearPlacing": 1,
      "AverageRank": 1056.857142857143,
      "Players": [
        {
          "id": 11215030,
          "Username": "chihuahua",
          "country_code": "SM",
          "Rank": 202,
          "CoverUrl": "https://assets.ppy.sh/user-profile-covers/11215030/63fe8dafa60fa074e901e7d7ba538439e8a94120cbcb7e954309d082cf0f84df.jpeg"
        },
        {
          "id": 9405745,
          "Username": "scylla",
          "country_code": "SE",
          "Rank": 825,
          "CoverUrl": "https://assets.ppy.sh/user-profile-covers/9405745/d6667ae8bd3bc8914e2f83b835d12335f0aa8191f5c44485e14d56d21b5b6924.jpeg"
        },
        {
          "id": 10917620,
          "Username": "rundyyy",
          "country_code": "DE",
          "Rank": 1043,
          "CoverUrl": "https://assets.ppy.sh/user-profile-covers/10917620/cb9c394378a340cfcd9bb9fbdfd126ded6410c6e031c102d4243493f10ef5d93.png"
        },
        {
          "id": 5177569,
          "Username": "Yip",
          "country_code": "CA",
          "Rank": 1097,
          "CoverUrl": "https://assets.ppy.sh/user-profile-covers/5177569/bb69b50fc2f11b0df338e8e72fc3f907a34b17be3bcf1ef6cd6b1adcbefcf9e6.jpeg"
        },
        {
          "id": 7810180,
          "Username": "calangi",
          "country_code": "FR",
          "Rank": 2698,
          "CoverUrl": "https://assets.ppy.sh/user-profile-covers/7810180/ebb491da12143b569b42a8b1e2aa992eaa317c2ad133af080ceb8fadd745331a.jpeg"
        },
        {
          "id": 4253615,
          "Username": "zubs",
          "country_code": "BR",
          "Rank": 529,
          "CoverUrl": "https://assets.ppy.sh/user-profile-covers/4253615/d0b5562ab1b507dfed730037e83d9c9907651cbbe5f72ee7cd48f59e225d89c0.jpeg"
        },
        {
          "id": 11267857,
          "Username": "Jimarrah",
          "country_code": "CA",
          "Rank": 1004,
          "CoverUrl": "https://assets.ppy.sh/user-profile-covers/11267857/f6b769c0313974d45dd43b823fee91fadc2e7c5017e1f90d61ba472eec1c2e53.png"
        },
        {
          "id": 3898396,
          "Username": "Eddie-",
          "country_code": "CA",
          "CoverUrl": "https://assets.ppy.sh/user-profile-covers/3898396/a8fed4f1dcdd2842b5f8d77e39d5dd01839edb43dc89dab737dbf93c7ff9973a.jpeg"
        }
      ]
    },
    {
      "FullName": "7 BUNNIES",
      "FlagName": "GB",
      "Acronym": "7 B",
      "SeedingResults": [],
      "Seed": "",
      "LastYearPlacing": 1,
      "AverageRank": 1849.125,
      "Players": [
        {
          "id": 11042418,
          "Username": "lystia",
          "country_code": "GB",
          "Rank": 617,
          "CoverUrl": "https://osu.ppy.sh/images/headers/profile-covers/c8.jpg"
        },
        {
          "id": 2546001,
          "Username": "Intercambing",
          "country_code": "CL",
          "Rank": 22,
          "CoverUrl": "https://assets.ppy.sh/user-profile-covers/2546001/062e3fe0d71e32434dfd1c0371b584d12c41e31a714b930f3e9d3332df51e164.jpeg"
        },
        {
          "id": 12378737,
          "Username": "Iugia",
          "country_code": "US",
          "Rank": 179,
          "CoverUrl": "https://assets.ppy.sh/user-profile-covers/12378737/c78bf6ab6c9de6c7470eeeb3c6eaaa18fdbe12c903a32e285c615bf904a21378.png"
        },
        {
          "id": 8443945,
          "Username": "FlasTEH",
          "country_code": "FR",
          "Rank": 189,
          "CoverUrl": "https://osu.ppy.sh/images/headers/profile-covers/c2.jpg"
        },
        {
          "id": 11234706,
          "Username": "ZeitFrost",
          "country_code": "DE",
          "Rank": 1501,
          "CoverUrl": "https://assets.ppy.sh/user-profile-covers/11234706/511b4824c719ce8ccfc3bfba07eed2b9614ffc35d200b9ddc4fb93009abb2f0d.png"
        },
        {
          "id": 8150535,
          "Username": "Fejlan",
          "country_code": "SE",
          "Rank": 6195,
          "CoverUrl": "https://assets.ppy.sh/user-profile-covers/8150535/0182de14c7d3f109efd38b18c573a1ade18303997642b18b0471c5dd6c0423ec.jpeg"
        },
        {
          "id": 12959983,
          "Username": "antonyw",
          "country_code": "NO",
          "Rank": 4872,
          "CoverUrl": "https://assets.ppy.sh/user-profile-covers/12959983/7edf76a0776571c895f487630bb45830b4b5b0a40ec61f0618b657d4881f98ac.jpeg"
        },
        {
          "id": 11758404,
          "Username": "Pache",
          "country_code": "US",
          "Rank": 1218,
          "CoverUrl": "https://assets.ppy.sh/user-profile-covers/11758404/9a588df16c9b48a5ed72d5f0fab3019484c01dfa639694fdaf392d581f43ec14.png"
        }
      ]
    }
  ],
  "Progressions": [
    {
      "SourceID": 4,
      "TargetID": 7
    },
    {
      "SourceID": 14,
      "TargetID": 7
    },
    {
      "SourceID": 7,
      "TargetID": 8
    },
    {
      "SourceID": 19,
      "TargetID": 20
    },
    {
      "SourceID": 23,
      "TargetID": 20
    },
    {
      "SourceID": 20,
      "TargetID": 21
    },
    {
      "SourceID": 8,
      "TargetID": 9
    },
    {
      "SourceID": 21,
      "TargetID": 8
    },
    {
      "SourceID": 18,
      "TargetID": 19
    },
    {
      "SourceID": 22,
      "TargetID": 23
    },
    {
      "SourceID": 4,
      "TargetID": 19,
      "Losers": true
    },
    {
      "SourceID": 14,
      "TargetID": 23,
      "Losers": true
    },
    {
      "SourceID": 7,
      "TargetID": 21,
      "Losers": true
    }
  ],
  "ChromaKeyWidth": 1366,
  "PlayersPerTeam": 4,
  "AutoProgressScreens": true
}