{
  "Ruleset": {
    "ShortName": "osu",
    "Name": "osu!",
    "InstantiationInfo": "osu.Game.Rulesets.Osu.OsuRuleset, osu.Game.Rulesets.Osu",
    "LastAppliedDifficultyVersion": 20220902,
    "Available": true
  },
  "Matches": [
    {
      "ID": 4,
      "Team1Score": null,
      "Team2Score": null,
      "Completed": false,
      "Losers": false,
      "PicksBans": [],
      "Current": false,
      "Date": "2023-08-12T03:00:00-07:00",
      "ConditionalMatches": [],
      "Position": {
        "X": 847,
        "Y": 366
      },
      "Acronyms": [],
      "PointsToWin": 6
    },
    {
      "ID": 14,
      "Team1Score": null,
      "Team2Score": null,
      "Completed": false,
      "Losers": false,
      "PicksBans": [],
      "Current": false,
      "Date": "2023-08-12T03:00:00-07:00",
      "ConditionalMatches": [],
      "Position": {
        "X": 847,
        "Y": 934
      },
      "Acronyms": [],
      "PointsToWin": 6
    },
    {
      "ID": 7,
      "Team1Score": null,
      "Team2Score": null,
      "Completed": false,
      "Losers": false,
      "PicksBans": [],
      "Current": false,
      "Date": "2023-08-19T03:00:00-07:00",
      "ConditionalMatches": [],
      "Position": {
        "X": 1155,
        "Y": 633
      },
      "Acronyms": [],
      "PointsToWin": 7
    },
    {
      "ID": 19,
      "Team1Score": null,
      "Team2Score": null,
      "Completed": false,
      "Losers": true,
      "PicksBans": [],
      "Current": false,
      "Date": "2023-08-19T03:00:00-07:00",
      "ConditionalMatches": [],
      "Position": {
        "X": 845,
        "Y": 1373
      },
      "Acronyms": [],
      "PointsToWin": 7
    },
    {
      "ID": 23,
      "Team1Score": null,
      "Team2Score": null,
      "Completed": false,
      "Losers": true,
      "PicksBans": [],
      "Current": false,
      "Date": "2023-08-19T03:00:00-07:00",
      "ConditionalMatches": [],
      "Position": {
        "X": 845,
        "Y": 1661
      },
      "Acronyms": [],
      "PointsToWin": 7
    },
    {
      "ID": 20,
      "Team1Score": null,
      "Team2Score": null,
      "Completed": false,
      "Losers": true,
      "PicksBans": [],
      "Current": false,
      "Date": "2023-08-19T03:00:00-07:00",
      "ConditionalMatches": [],
      "Position": {
        "X": 1154,
        "Y": 1521
      },
      "Acronyms": [],
      "PointsToWin": 7
    },
    {
      "ID": 8,
      "Team1Score": null,
      "Team2Score": null,
      "Completed": false,
      "Losers": false,
      "PicksBans": [],
      "Current": false,
      "Date": "2023-08-26T03:00:00-07:00",
      "ConditionalMatches": [],
      "Position": {
        "X": 1482,
        "Y": 633
      },
      "Acronyms": [],
      "PointsToWin": 7
    },
    {
      "ID": 21,
      "Team1Score": null,
      "Team2Score": null,
      "Completed": false,
      "Losers": true,
      "PicksBans": [],
      "Current": false,
      "Date": "2023-08-26T03:00:00-07:00",
      "ConditionalMatches": [],
      "Position": {
        "X": 1490,
        "Y": 1521
      },
      "Acronyms": [],
      "PointsToWin": 7
    },
    {
      "ID": 9,
      "Team1Score": null,
      "Team2Score": null,
      "Completed": false,
      "Losers": false,
      "PicksBans": [],
      "Current": false,
      "Date": "2023-08-26T03:00:00-07:00",
      "ConditionalMatches": [],
      "Position": {
        "X": 1808,
        "Y": 633
      },
      "Acronyms": [],
      "PointsToWin": 7
    },
    {
      "ID": 18,
      "Team1Score": null,
      "Team2Score": null,
      "Completed": false,
      "Losers": true,
      "PicksBans": [],
      "Current": false,
      "Date": "2023-08-12T03:00:00-07:00",
      "ConditionalMatches": [],
      "Position": {
        "X": 541,
        "Y": 1373
      },
      "Acronyms": [],
      "PointsToWin": 6
    },
    {
      "ID": 22,
      "Team1Score": null,
      "Team2Score": null,
      "Completed": false,
      "Losers": true,
      "PicksBans": [],
      "Current": false,
      "Date": "2023-08-12T03:00:00-07:00",
      "ConditionalMatches": [],
      "Position": {
        "X": 536,
        "Y": 1660
      },
      "Acronyms": [],
      "PointsToWin": 6
    },
    {
      "ID": 3,
      "Team1Acronym": "JTB",
      "Team1Score": null,
      "Team2Acronym": "SEE",
      "Team2Score": null,
      "Completed": false,
      "Losers": false,
      "PicksBans": [],
      "Current": false,
      "Date": "2023-07-30T05:00:00-07:00",
      "ConditionalMatches": [],
      "Position": {
        "X": -69,
        "Y": 349
      },
      "Acronyms": [
        "JTB",
        "SEE"
      ],
      "WinnerColour": "Blue",
      "PointsToWin": 5
    },
    {
      "ID": 5,
      "Team1Acronym": "JTB",
      "Team1Score": null,
      "Team2Acronym": "DRK",
      "Team2Score": null,
      "Completed": false,
      "Losers": false,
      "PicksBans": [],
      "Current": false,
      "Date": "2023-07-29T07:00:00-07:00",
      "ConditionalMatches": [],
      "Position": {
        "X": -69,
        "Y": 517
      },
      "Acronyms": [
        "JTB",
        "DRK"
      ],
      "WinnerColour": "Blue",
      "PointsToWin": 5
    },
    {
      "ID": 10,
      "Team1Acronym": "JTB",
      "Team1Score": 5,
      "Team2Acronym": "SKR",
      "Team2Score": 4,
      "Completed": true,
      "Losers": false,
      "PicksBans": [],
      "Current": false,
      "Date": "2023-07-16T05:00:00-07:00",
      "ConditionalMatches": [],
      "Position": {
        "X": -67,
        "Y": 679
      },
      "Acronyms": [
        "JTB",
        "SKR"
      ],
      "PointsToWin": 5
    },
    {
      "ID": 2,
      "Team1Acronym": "SEE",
      "Team1Score": null,
      "Team2Acronym": "DRK",
      "Team2Score": null,
      "Completed": false,
      "Losers": false,
      "PicksBans": [],
      "Current": false,
      "Date": "2023-07-23T13:00:00+00:00",
      "ConditionalMatches": [],
      "Position": {
        "X": -318,
        "Y": 349
      },
      "Acronyms": [
        "SEE",
        "DRK"
      ],
      "WinnerColour": "Blue",
      "PointsToWin": 5
    },
    {
      "ID": 6,
      "Team1Acronym": "SEE",
      "Team1Score": null,
      "Team2Acronym": "SKR",
      "Team2Score": null,
      "Completed": false,
      "Losers": false,
      "PicksBans": [],
      "Current": false,
      "Date": "2023-07-30T13:00:00+00:00",
      "ConditionalMatches": [],
      "Position": {
        "X": -320,
        "Y": 521
      },
      "Acronyms": [
        "SEE",
        "SKR"
      ],
      "WinnerColour": "Blue",
      "PointsToWin": 5
    },
    {
      "ID": 1,
      "Team1Acronym": "DRK",
      "Team1Score": null,
      "Team2Acronym": "SKR",
      "Team2Score": null,
      "Completed": false,
      "Losers": false,
      "PicksBans": [],
      "Current": false,
      "Date": "2023-07-30T07:00:00-07:00",
      "ConditionalMatches": [],
      "Position": {
        "X": -562,
        "Y": 349
      },
      "Acronyms": [
        "DRK",
        "SKR"
      ],
      "WinnerColour": "Blue",
      "PointsToWin": 5
    },
    {
      "ID": 12,
      "Team1Acronym": "GRI",
      "Team1Score": null,
      "Team2Acronym": "DIO",
      "Team2Score": null,
      "Completed": false,
      "Losers": false,
      "PicksBans": [],
      "Current": false,
      "Date": "2023-07-22T04:00:00-07:00",
      "ConditionalMatches": [],
      "Position": {
        "X": -66,
        "Y": 843
      },
      "Acronyms": [
        "GRI",
        "DIO"
      ],
      "WinnerColour": "Blue",
      "PointsToWin": 5
    },
    {
      "ID": 11,
      "Team1Acronym": "DIO",
      "Team1Score": null,
      "Team2Acronym": "LOL",
      "Team2Score": null,
      "Completed": false,
      "Losers": false,
      "PicksBans": [],
      "Current": false,
      "Date": "2023-07-23T13:00:00+00:00",
      "ConditionalMatches": [],
      "Position": {
        "X": -315,
        "Y": 843
      },
      "Acronyms": [
        "DIO",
        "LOL"
      ],
      "WinnerColour": "Blue",
      "PointsToWin": 5
    },
    {
      "ID": 13,
      "Team1Acronym": "LOL",
      "Team1Score": 4,
      "Team2Acronym": "STE",
      "Team2Score": 5,
      "Completed": true,
      "Losers": false,
      "PicksBans": [],
      "Current": false,
      "Date": "2023-07-15T04:00:00-07:00",
      "ConditionalMatches": [],
      "Position": {
        "X": -579,
        "Y": 846
      },
      "Acronyms": [
        "LOL",
        "STE"
      ],
      "WinnerColour": "Blue",
      "PointsToWin": 5
    },
    {
      "ID": 16,
      "Team1Acronym": "DIO",
      "Team1Score": null,
      "Team2Acronym": "STE",
      "Team2Score": null,
      "Completed": false,
      "Losers": false,
      "PicksBans": [],
      "Current": false,
      "Date": "2023-07-30T05:00:00-07:00",
      "ConditionalMatches": [],
      "Position": {
        "X": -310,
        "Y": 1008
      },
      "Acronyms": [
        "DIO",
        "STE"
      ],
      "WinnerColour": "Blue",
      "PointsToWin": 5
    },
    {
      "ID": 15,
      "Team1Acronym": "GRI",
      "Team1Score": 4,
      "Team2Acronym": "LOL",
      "Team2Score": 5,
      "Completed": true,
      "Losers": false,
      "PicksBans": [],
      "Current": false,
      "Date": "2023-07-15T05:00:00-07:00",
      "ConditionalMatches": [],
      "Position": {
        "X": -62,
        "Y": 1006
      },
      "Acronyms": [
        "GRI",
        "LOL"
      ],
      "WinnerColour": "Blue",
      "PointsToWin": 5
    },
    {
      "ID": 17,
      "Team1Acronym": "GRI",
      "Team1Score": 2,
      "Team2Acronym": "STE",
      "Team2Score": 5,
      "Completed": true,
      "Losers": false,
      "PicksBans": [],
      "Current": true,
      "Date": "2023-07-23T04:00:00-07:00",
      "ConditionalMatches": [],
      "Position": {
        "X": -57,
        "Y": 1167
      },
      "Acronyms": [
        "GRI",
        "STE"
      ],
      "WinnerColour": "Blue",
      "PointsToWin": 5
    }
  ],
  "Rounds": [
    {
      "Name": "Group Stage",
      "Description": "",
      "BestOf": 9,
      "Beatmaps": [
        {
          "ID": 1290650,
          "Mods": "NM",
          "BeatmapInfo": {
            "OnlineID": 1290650,
            "DifficultyName": "Sunshine!!",
            "BPM": 200.0,
            "Length": 274000.0,
            "StarRating": 7.11,
            "Metadata": {
              "Title": "Aozora Jumping Heart",
              "title_unicode": "青空Jumping Heart",
              "Artist": "Aqours",
              "artist_unicode": "Aqours",
              "Author": {
                "OnlineID": 5710809,
                "Username": "Sakurauchi Riko",
                "CountryString": "Unknown"
              },
              "Source": "ラブライブ！サンシャイン!!",
              "tags": "phyloukz 桜内梨子 full ver love live! sunshine anime school idol project japanese inami anju 伊波杏樹 aida rikako 逢田梨香子 suwa nanaka 諏訪ななか komiya arisa 小宮有紗 saito shuka 斉藤朱夏 kobayashi aika 小林愛香 takatsuki kanako 高槻かなこ suzuki aina 鈴木愛奈 furihata ai 降幡 愛 takami chika 高海千歌 matsuura kanan 松浦果南 kurosawa dia 黒澤ダイヤ watanabe you 渡辺 曜 tsushima yoshiko 津島善子 kunikida hanamaru 国木田花丸 ohara mari 小原鞠莉 kurosawa ruby 黒澤ルビィ kyle y akitoshi corinn -laura-",
              "PreviewTime": -1,
              "AudioFile": "",
              "BackgroundFile": ""
            },
            "Difficulty": {
              "DrainRate": 6.5,
              "CircleSize": 4.0,
              "OverallDifficulty": 9.6,
              "ApproachRate": 9.7,
              "SliderMultiplier": 1.0,
              "SliderTickRate": 1.0
            },
            "Covers": {
              "cover@2x": "https://assets.ppy.sh/beatmaps/611367/covers/cover@2x.jpg?1650650008",
              "card@2x": "https://assets.ppy.sh/beatmaps/611367/covers/card@2x.jpg?1650650008",
              "list@2x": "https://assets.ppy.sh/beatmaps/611367/covers/list@2x.jpg?1650650008"
            }
          }
        },
        {
          "ID": 2918146,
          "Mods": "NM",
          "BeatmapInfo": {
            "OnlineID": 2918146,
            "DifficultyName": "not corsace",
            "BPM": 200.0,
            "Length": 99000.0,
            "StarRating": 7.16,
            "Metadata": {
              "Title": "Inscape",
              "title_unicode": "Inscape",
              "Artist": "technoplanet",
              "artist_unicode": "technoplanet",
              "Author": {
                "OnlineID": 5918561,
                "Username": "J1_",
                "CountryString": "Unknown"
              },
              "Source": "",
              "tags": "maple cup qf nm2",
              "PreviewTime": -1,
              "AudioFile": "",
              "BackgroundFile": ""
            },
            "Difficulty": {
              "DrainRate": 5.5,
              "CircleSize": 3.8,
              "OverallDifficulty": 9.0,
              "ApproachRate": 9.5,
              "SliderMultiplier": 1.0,
              "SliderTickRate": 1.0
            },
            "Covers": {
              "cover@2x": "https://assets.ppy.sh/beatmaps/1415999/covers/cover@2x.jpg?1619406046",
              "card@2x": "https://assets.ppy.sh/beatmaps/1415999/covers/card@2x.jpg?1619406046",
              "list@2x": "https://assets.ppy.sh/beatmaps/1415999/covers/list@2x.jpg?1619406046"
            }
          }
        },
        {
          "ID": 3714679,
          "Mods": "NM",
          "BeatmapInfo": {
            "OnlineID": 3714679,
            "DifficultyName": "Affection",
            "BPM": 150.0,
            "Length": 261000.0,
            "StarRating": 6.77,
            "Metadata": {
              "Title": "Darekare Scramble",
              "title_unicode": "誰彼スクランブル",
              "Artist": "halca",
              "artist_unicode": "halca",
              "Author": {
                "OnlineID": 12763959,
                "Username": "Matsuyuki Ame",
                "CountryString": "Unknown"
              },
              "Source": "Engage Kiss",
              "tags": "rk657 project エンゲージ・キス japanese rock jrock j-rock anime opening op full size gazimal poyoyo",
              "PreviewTime": -1,
              "AudioFile": "",
              "BackgroundFile": ""
            },
            "Difficulty": {
              "DrainRate": 5.0,
              "CircleSize": 4.0,
              "OverallDifficulty": 9.2,
              "ApproachRate": 9.7,
              "SliderMultiplier": 1.0,
              "SliderTickRate": 1.0
            },
            "Covers": {
              "cover@2x": "https://assets.ppy.sh/beatmaps/1811044/covers/cover@2x.jpg?1670233447",
              "card@2x": "https://assets.ppy.sh/beatmaps/1811044/covers/card@2x.jpg?1670233447",
              "list@2x": "https://assets.ppy.sh/beatmaps/1811044/covers/list@2x.jpg?1670233447"
            }
          }
        },
        {
          "ID": 3775432,
          "Mods": "NM",
          "BeatmapInfo": {
            "OnlineID": 3775432,
            "DifficultyName": "Mach 5",
            "BPM": 175.0,
            "Length": 121000.0,
            "StarRating": 6.7,
            "Metadata": {
              "Title": "Hypersonik",
              "title_unicode": "Hypersonik",
              "Artist": "Eagle",
              "artist_unicode": "Eagle",
              "Author": {
                "OnlineID": 4564285,
                "Username": "Ascended",
                "CountryString": "Unknown"
              },
              "Source": "beatmania IIDX 21 SPADA",
              "tags": "kors k korsk bemani electronic instrumental neurofunk drum and bass drumandbass dnb drum&bass beatmania iidx infinitas flask zhuxiaoyan frostwich frostwhich stwi synderes jas craezy otosaka-yu otosakayu suzuki_1112 suzuki1112 jounzan natteke_desu natteke desu nattekedesu evilelvisv2 aistre alphabet venax neilperry mir frey dahkjdas seolv lukas [_l_u_k_a_s_] [lukas] -ascended- -_ascended_- deppyforce jascended",
              "PreviewTime": -1,
              "AudioFile": "",
              "BackgroundFile": ""
            },
            "Difficulty": {
              "DrainRate": 5.5,
              "CircleSize": 4.0,
              "OverallDifficulty": 9.0,
              "ApproachRate": 9.6,
              "SliderMultiplier": 1.0,
              "SliderTickRate": 1.0
            },
            "Covers": {
              "cover@2x": "https://assets.ppy.sh/beatmaps/1834293/covers/cover@2x.jpg?1668979632",
              "card@2x": "https://assets.ppy.sh/beatmaps/1834293/covers/card@2x.jpg?1668979632",
              "list@2x": "https://assets.ppy.sh/beatmaps/1834293/covers/list@2x.jpg?1668979632"
            }
          }
        },
        {
          "ID": 3186729,
          "Mods": "NM",
          "BeatmapInfo": {
            "OnlineID": 3186729,
            "DifficultyName": "Yoari's MAXIMUM",
            "BPM": 238.0,
            "Length": 120000.0,
            "StarRating": 7.21,
            "Metadata": {
              "Title": "ReviveR",
              "title_unicode": "ЯeviveR",
              "Artist": "Diceros Bicornis",
              "artist_unicode": "Diceros Bicornis",
              "Author": {
                "OnlineID": 10676766,
                "Username": "Naylicia",
                "CountryString": "Unknown"
              },
              "Source": "SOUND VOLTEX VIVID WAVE",
              "tags": "wonki famoss sdvx xi blacky the 9th kac konami arcade championship bemani video game electronic instrumental yoari",
              "PreviewTime": -1,
              "AudioFile": "",
              "BackgroundFile": ""
            },
            "Difficulty": {
              "DrainRate": 5.0,
              "CircleSize": 4.5,
              "OverallDifficulty": 9.4,
              "ApproachRate": 9.7,
              "SliderMultiplier": 1.0,
              "SliderTickRate": 1.0
            },
            "Covers": {
              "cover@2x": "https://assets.ppy.sh/beatmaps/1560235/covers/cover@2x.jpg?1669401013",
              "card@2x": "https://assets.ppy.sh/beatmaps/1560235/covers/card@2x.jpg?1669401013",
              "list@2x": "https://assets.ppy.sh/beatmaps/1560235/covers/list@2x.jpg?1669401013"
            }
          }
        },
        {
          "ID": 1776939,
          "Mods": "HD",
          "BeatmapInfo": {
            "OnlineID": 1776939,
            "DifficultyName": "Corruption",
            "BPM": 135.0,
            "Length": 233000.0,
            "StarRating": 6.74,
            "Metadata": {
              "Title": "The Clockwork Rose -Tokei Shikake no Bara Shoujo-",
              "title_unicode": "The Clockwork Rose -時計仕掛けの薔薇少女-",
              "Artist": "Hatsuki Yura",
              "artist_unicode": "葉月ゆら",
              "Author": {
                "OnlineID": 4525153,
                "Username": "My Angel Watame",
                "CountryString": "Unknown"
              },
              "Source": "",
              "tags": "gothic electronic japanese 月棘苑子 jigake drop xlolicore- elsa valentine celine deppyforce kkipalt xenok",
              "PreviewTime": -1,
              "AudioFile": "",
              "BackgroundFile": ""
            },
            "Difficulty": {
              "DrainRate": 6.0,
              "CircleSize": 4.2,
              "OverallDifficulty": 9.0,
              "ApproachRate": 9.5,
              "SliderMultiplier": 1.0,
              "SliderTickRate": 1.0
            },
            "Covers": {
              "cover@2x": "https://assets.ppy.sh/beatmaps/849824/covers/cover@2x.jpg?1623045915",
              "card@2x": "https://assets.ppy.sh/beatmaps/849824/covers/card@2x.jpg?1623045915",
              "list@2x": "https://assets.ppy.sh/beatmaps/849824/covers/list@2x.jpg?1623045915"
            }
          }
        },
        {
          "ID": 4036151,
          "Mods": "HD",
          "BeatmapInfo": {
            "OnlineID": 4036151,
            "DifficultyName": "Raijodo & a_Blue’s Collab Expert",
            "BPM": 180.0,
            "Length": 229000.0,
            "StarRating": 5.89,
            "Metadata": {
              "Title": "Sakura no Uta",
              "title_unicode": "櫻ノ詩",
              "Artist": "Hana",
              "artist_unicode": "はな",
              "Author": {
                "OnlineID": 1233255,
                "Username": "PandaHero",
                "CountryString": "Unknown"
              },
              "Source": "サクラノ詩 -櫻の森の上を舞う-",
              "tags": "share app raijodo a_blue yamadarknesss sakura no mori no ue o mau metrowing makura 枕 eroge galgame",
              "PreviewTime": -1,
              "AudioFile": "",
              "BackgroundFile": ""
            },
            "Difficulty": {
              "DrainRate": 7.0,
              "CircleSize": 4.0,
              "OverallDifficulty": 8.0,
              "ApproachRate": 8.0,
              "SliderMultiplier": 1.0,
              "SliderTickRate": 1.0
            },
            "Covers": {
              "cover@2x": "https://assets.ppy.sh/beatmaps/1889701/covers/cover@2x.jpg?1686941926",
              "card@2x": "https://assets.ppy.sh/beatmaps/1889701/covers/card@2x.jpg?1686941926",
              "list@2x": "https://assets.ppy.sh/beatmaps/1889701/covers/list@2x.jpg?1686941926"
            }
          }
        },
        {
          "ID": 687624,
          "Mods": "HR",
          "BeatmapInfo": {
            "OnlineID": 687624,
            "DifficultyName": "GRAVITY",
            "BPM": 205.0,
            "Length": 118000.0,
            "StarRating": 6.61,
            "Metadata": {
              "Title": "LegenD.",
              "title_unicode": "LegenD.",
              "Artist": "Yooh",
              "artist_unicode": "Yooh",
              "Author": {
                "OnlineID": 2127359,
                "Username": "Akali",
                "CountryString": "Unknown"
              },
              "Source": "SOUND VOLTEX III - GRAVITY WARS -",
              "tags": "sdvx",
              "PreviewTime": -1,
              "AudioFile": "",
              "BackgroundFile": ""
            },
            "Difficulty": {
              "DrainRate": 6.0,
              "CircleSize": 4.0,
              "OverallDifficulty": 9.0,
              "ApproachRate": 9.5,
              "SliderMultiplier": 1.0,
              "SliderTickRate": 1.0
            },
            "Covers": {
              "cover@2x": "https://assets.ppy.sh/beatmaps/307319/covers/cover@2x.jpg?1622085638",
              "card@2x": "https://assets.ppy.sh/beatmaps/307319/covers/card@2x.jpg?1622085638",
              "list@2x": "https://assets.ppy.sh/beatmaps/307319/covers/list@2x.jpg?1622085638"
            }
          }
        },
        {
          "ID": 2719439,
          "Mods": "HR",
          "BeatmapInfo": {
            "OnlineID": 2719439,
            "DifficultyName": "read aokana",
            "BPM": 185.0,
            "Length": 168000.0,
            "StarRating": 6.41,
            "Metadata": {
              "Title": "Mugen Kidou",
              "title_unicode": "Mugen Kidou",
              "Artist": "Elements Garden",
              "artist_unicode": "Elements Garden",
              "Author": {
                "OnlineID": 4785223,
                "Username": "Nathan",
                "CountryString": "Unknown"
              },
              "Source": "蒼の彼方のフォーリズム",
              "tags": "owc 2020 gf grand finals fm2 i love misaki apraxia",
              "PreviewTime": -1,
              "AudioFile": "",
              "BackgroundFile": ""
            },
            "Difficulty": {
              "DrainRate": 4.0,
              "CircleSize": 5.0,
              "OverallDifficulty": 9.0,
              "ApproachRate": 8.4,
              "SliderMultiplier": 1.0,
              "SliderTickRate": 1.0
            },
            "Covers": {
              "cover@2x": "https://assets.ppy.sh/beatmaps/1312130/covers/cover@2x.jpg?1609097457",
              "card@2x": "https://assets.ppy.sh/beatmaps/1312130/covers/card@2x.jpg?1609097457",
              "list@2x": "https://assets.ppy.sh/beatmaps/1312130/covers/list@2x.jpg?1609097457"
            }
          }
        },
        {
          "ID": 1964320,
          "Mods": "DT",
          "BeatmapInfo": {
            "OnlineID": 1964320,
            "DifficultyName": "papple's Insane",
            "BPM": 175.0,
            "Length": 211000.0,
            "StarRating": 5.02,
            "Metadata": {
              "Title": "Marine Bloomin'",
              "title_unicode": "Marine Bloomin'",
              "Artist": "Hachioji P x Marty Friedman x Kano",
              "artist_unicode": "八王子P × マーティ・フリードマン × 鹿乃",
              "Author": {
                "OnlineID": 9590557,
                "Username": "Firika",
                "CountryString": "Unknown"
              },
              "Source": "",
              "tags": "アイマリンプロジェクト imarine project japanese jpop 8#prince hachiojip わかむらp wakamurap papple104 dored sinn",
              "PreviewTime": -1,
              "AudioFile": "",
              "BackgroundFile": ""
            },
            "Difficulty": {
              "DrainRate": 6.0,
              "CircleSize": 4.0,
              "OverallDifficulty": 8.0,
              "ApproachRate": 9.0,
              "SliderMultiplier": 1.0,
              "SliderTickRate": 1.0
            },
            "Covers": {
              "cover@2x": "https://assets.ppy.sh/beatmaps/819424/covers/cover@2x.jpg?1650676740",
              "card@2x": "https://assets.ppy.sh/beatmaps/819424/covers/card@2x.jpg?1650676740",
              "list@2x": "https://assets.ppy.sh/beatmaps/819424/covers/list@2x.jpg?1650676740"
            }
          }
        },
        {
          "ID": 4108775,
          "Mods": "DT",
          "BeatmapInfo": {
            "OnlineID": 4108775,
            "DifficultyName": "Insane",
            "BPM": 154.0,
            "Length": 250000.0,
            "StarRating": 5.05,
            "Metadata": {
              "Title": "Millarca",
              "title_unicode": "Millarca",
              "Artist": "-45",
              "artist_unicode": "-45",
              "Author": {
                "OnlineID": 9131844,
                "Username": "228",
                "CountryString": "Unknown"
              },
              "Source": "",
              "tags": "aye1337 yoshikawa45 akito yoshikawa dva d'va;;;;;;;;5 featured artist fa electronic instrumental",
              "PreviewTime": -1,
              "AudioFile": "",
              "BackgroundFile": ""
            },
            "Difficulty": {
              "DrainRate": 6.0,
              "CircleSize": 4.0,
              "OverallDifficulty": 8.0,
              "ApproachRate": 8.5,
              "SliderMultiplier": 1.0,
              "SliderTickRate": 1.0
            },
            "Covers": {
              "cover@2x": "https://assets.ppy.sh/beatmaps/1978407/covers/cover@2x.jpg?1684535857",
              "card@2x": "https://assets.ppy.sh/beatmaps/1978407/covers/card@2x.jpg?1684535857",
              "list@2x": "https://assets.ppy.sh/beatmaps/1978407/covers/list@2x.jpg?1684535857"
            }
          }
        },
        {
          "ID": 3021082,
          "Mods": "DT",
          "BeatmapInfo": {
            "OnlineID": 3021082,
            "DifficultyName": "Fright",
            "BPM": 148.0,
            "Length": 223000.0,
            "StarRating": 5.15,
            "Metadata": {
              "Title": "Ghosts Play to the Audience",
              "title_unicode": "おばけのウケねらい",
              "Artist": "PinocchioP feat. Hatsune Miku",
              "artist_unicode": "ピノキオピー feat. 初音ミク",
              "Author": {
                "OnlineID": 3181083,
                "Username": "AJT",
                "CountryString": "Unknown"
              },
              "Source": "",
              "tags": "yokespai corsace closed cc 2021 playins dt1 japanese pop electropop utaite vocaloid obake no ukenerai cover nanawoakari ナナヲアカリ 零号 zero-go",
              "PreviewTime": -1,
              "AudioFile": "",
              "BackgroundFile": ""
            },
            "Difficulty": {
              "DrainRate": 5.0,
              "CircleSize": 5.0,
              "OverallDifficulty": 8.0,
              "ApproachRate": 8.0,
              "SliderMultiplier": 1.0,
              "SliderTickRate": 1.0
            },
            "Covers": {
              "cover@2x": "https://assets.ppy.sh/beatmaps/1471627/covers/cover@2x.jpg?1627332290",
              "card@2x": "https://assets.ppy.sh/beatmaps/1471627/covers/card@2x.jpg?1627332290",
              "list@2x": "https://assets.ppy.sh/beatmaps/1471627/covers/list@2x.jpg?1627332290"
            }
          }
        },
        {
          "ID": 118068,
          "Mods": "FM",
          "BeatmapInfo": {
            "OnlineID": 118068,
            "DifficultyName": "Chaos",
            "BPM": 240.0,
            "Length": 307000.0,
            "StarRating": 6.7,
            "Metadata": {
              "Title": "Kokou no Sousei",
              "title_unicode": "Kokou no Sousei",
              "Artist": "Yousei Teikoku",
              "artist_unicode": "Yousei Teikoku",
              "Author": {
                "OnlineID": 444506,
                "Username": "Saten-san",
                "CountryString": "Unknown"
              },
              "Source": "",
              "tags": "gothic lolita propaganda teras medi-chan onosakihito",
              "PreviewTime": -1,
              "AudioFile": "",
              "BackgroundFile": ""
            },
            "Difficulty": {
              "DrainRate": 7.0,
              "CircleSize": 4.0,
              "OverallDifficulty": 7.0,
              "ApproachRate": 9.0,
              "SliderMultiplier": 1.0,
              "SliderTickRate": 1.0
            },
            "Covers": {
              "cover@2x": "https://assets.ppy.sh/beatmaps/28705/covers/cover@2x.jpg?1650608282",
              "card@2x": "https://assets.ppy.sh/beatmaps/28705/covers/card@2x.jpg?1650608282",
              "list@2x": "https://assets.ppy.sh/beatmaps/28705/covers/list@2x.jpg?1650608282"
            }
          }
        },
        {
          "ID": 3387202,
          "Mods": "FM",
          "BeatmapInfo": {
            "OnlineID": 3387202,
            "DifficultyName": "Extra Stage",
            "BPM": 171.0,
            "Length": 180000.0,
            "StarRating": 5.95,
            "Metadata": {
              "Title": "Heian no Alien",
              "title_unicode": "平安のエイリアン",
              "Artist": "ZUN",
              "artist_unicode": "ZUN",
              "Author": {
                "OnlineID": 4598899,
                "Username": "Halfslashed",
                "CountryString": "Unknown"
              },
              "Source": "東方星蓮船　～ Undefined Fantastic Object.",
              "tags": "th12 touhou seirensen nue houjuu 封獣　ぬえ owc2020 semifinals sf fm2 video game instrumental defiance quanhitter39 shurelia nik nikolomara 東方project project ufo team shanghai alice",
              "PreviewTime": -1,
              "AudioFile": "",
              "BackgroundFile": ""
            },
            "Difficulty": {
              "DrainRate": 5.0,
              "CircleSize": 5.0,
              "OverallDifficulty": 8.0,
              "ApproachRate": 8.0,
              "SliderMultiplier": 1.0,
              "SliderTickRate": 1.0
            },
            "Covers": {
              "cover@2x": "https://assets.ppy.sh/beatmaps/1301413/covers/cover@2x.jpg?1648935759",
              "card@2x": "https://assets.ppy.sh/beatmaps/1301413/covers/card@2x.jpg?1648935759",
              "list@2x": "https://assets.ppy.sh/beatmaps/1301413/covers/list@2x.jpg?1648935759"
            }
          }
        },
        {
          "ID": 2324126,
          "Mods": "TB",
          "BeatmapInfo": {
            "OnlineID": 2324126,
            "DifficultyName": "EPILOGUE",
            "BPM": 204.0,
            "Length": 300000.0,
            "StarRating": 7.11,
            "Metadata": {
              "Title": "EINHERJAR",
              "title_unicode": "EINHERJAR",
              "Artist": "ELFENSJoN",
              "artist_unicode": "ELFENSJóN",
              "Author": {
                "OnlineID": 7342798,
                "Username": "_Epreus",
                "CountryString": "Unknown"
              },
              "Source": "",
              "tags": "osu! featured artist fa mappers' mapper's guild japanese vocal rock 黒瀬 圭亮 okogeeechann",
              "PreviewTime": -1,
              "AudioFile": "",
              "BackgroundFile": ""
            },
            "Difficulty": {
              "DrainRate": 6.0,
              "CircleSize": 4.6,
              "OverallDifficulty": 9.3,
              "ApproachRate": 9.6,
              "SliderMultiplier": 1.0,
              "SliderTickRate": 1.0
            },
            "Covers": {
              "cover@2x": "https://assets.ppy.sh/beatmaps/1112424/covers/cover@2x.jpg?1641131940",
              "card@2x": "https://assets.ppy.sh/beatmaps/1112424/covers/card@2x.jpg?1641131940",
              "list@2x": "https://assets.ppy.sh/beatmaps/1112424/covers/list@2x.jpg?1641131940"
            }
          }
        }
      ],
      "StartDate": "2023-07-15T04:00:00-07:00",
      "Matches": [
        3,
        5,
        10,
        2,
        6,
        1,
        12,
        11,
        13,
        16,
        15,
        17
      ]
    },
    {
      "Name": "Semifinals",
      "Description": "",
      "BestOf": 11,
      "Beatmaps": [],
      "StartDate": "2023-08-12T03:00:00-07:00",
      "Matches": [
        4,
        14,
        18,
        22
      ]
    },
    {
      "Name": "Finals",
      "Description": "",
      "BestOf": 13,
      "Beatmaps": [],
      "StartDate": "2023-08-19T03:00:00-07:00",
      "Matches": [
        7,
        19,
        23,
        20
      ]
    },
    {
      "Name": "Grand Finals",
      "Description": "",
      "BestOf": 13,
      "Beatmaps": [],
      "StartDate": "2023-08-26T03:00:00-07:00",
      "Matches": [
        8,
        21,
        9
      ]
    }
  ],
  "Teams": [
    {
      "FullName": "JTBAR TECH",
      "FlagName": "KR",
      "Acronym": "JTB",
      "SeedingResults": [],
      "Seed": "",
      "LastYearPlacing": 1,
      "AverageRank": 337.57142857142856,
      "Players": [
        {
          "id": 2511839,
          "Username": "Amamya Kokoro",
          "country_code": "KR",
          "Rank": 223,
          "CoverUrl": "https://assets.ppy.sh/user-profile-covers/2511839/4e9a98ada27e7b5438d5999e777725de9ded13119c78959a68c0d1d118586cb9.jpeg"
        },
        {
          "id": 12779141,
          "Username": "gnahus",
          "country_code": "PL",
          "Rank": 4,
          "CoverUrl": "https://assets.ppy.sh/user-profile-covers/12779141/dc5f919d6ac726c739aa20431cbc96727d0742eab49dd2cc49737aa5d64240e3.jpeg"
        },
        {
          "id": 6404027,
          "Username": "Bartek22830",
          "country_code": "PL",
          "Rank": 191,
          "CoverUrl": "https://assets.ppy.sh/user-profile-covers/6404027/149153455f38676120239186178b8036760df445bf640a6729441e4047f235c5.jpeg"
        },
        {
          "id": 1460263,
          "Username": "Pain",
          "country_code": "KR",
          "Rank": 375,
          "CoverUrl": "https://assets.ppy.sh/user-profile-covers/1460263/0cae595924666d006a98e5d68bfe961bb9d4e24d465ecea8e3502287cccb6057.jpeg"
        },
        {
          "id": 10069909,
          "Username": "DEETO",
          "country_code": "ID",
          "Rank": 733,
          "CoverUrl": "https://assets.ppy.sh/user-profile-covers/10069909/5d89c8043368b805a98ee3e9fcbfaea03d82d60c23c5973429637379c48cf2c0.jpeg"
        },
        {
          "id": 6215032,
          "Username": "Orenburg",
          "country_code": "RU",
          "Rank": 426,
          "CoverUrl": "https://assets.ppy.sh/user-profile-covers/6215032/26e71fe4d11e0e00da28f3a26da660298d2aad08b4036b5b742e643f542aa515.png"
        },
        {
          "id": 7785655,
          "Username": "Pepsi Max",
          "country_code": "AU",
          "Rank": 411,
          "CoverUrl": "https://assets.ppy.sh/user-profile-covers/7785655/63b31e4e158304da346689e211b520c1cbd43c476d421e6a82013580ebb012b4.png"
        }
      ]
    },
    {
      "FullName": "GRID 2",
      "FlagName": "PL",
      "Acronym": "GRI",
      "SeedingResults": [],
      "Seed": "",
      "LastYearPlacing": 1,
      "AverageRank": 620.25,
      "Players": [
        {
          "id": 12408961,
          "Username": "maliszewski",
          "country_code": "PL",
          "Rank": 17,
          "CoverUrl": "https://assets.ppy.sh/user-profile-covers/12408961/861fe1c0e41c0e665bf8809ca80463b9af273cda8304fc291749c81545531f99.jpeg"
        },
        {
          "id": 8359561,
          "Username": "mx10007",
          "country_code": "KR",
          "Rank": 119,
          "CoverUrl": "https://osu.ppy.sh/images/headers/profile-covers/c4.jpg"
        },
        {
          "id": 3543130,
          "Username": "Michni",
          "country_code": "PL",
          "Rank": 938,
          "CoverUrl": "https://assets.ppy.sh/user-profile-covers/3543130/be36ae8d2ea44749b19a88ffefc0d057fdb6112ecdccb3c4f930f129a5de4b7c.jpeg"
        },
        {
          "id": 3062998,
          "Username": "rollpan",
          "country_code": "JP",
          "Rank": 668,
          "CoverUrl": "https://assets.ppy.sh/user-profile-covers/3062998/127dd3fff7961f1f20b638065c7143daa02390024b4be4b5119e1a8764c9b278.png"
        },
        {
          "id": 5407620,
          "Username": "Tebi",
          "country_code": "SG",
          "Rank": 850,
          "CoverUrl": "https://assets.ppy.sh/user-profile-covers/5407620/e06264176586bc8aabfebb91bdf867f69efb057f59908a7d5bdc0c1a3a20b2a1.jpeg"
        },
        {
          "id": 2787415,
          "Username": "MrPotato",
          "country_code": "IL",
          "Rank": 768,
          "CoverUrl": "https://osu.ppy.sh/images/headers/profile-covers/c8.jpg"
        },
        {
          "id": 7587763,
          "Username": "magnatagamer123",
          "country_code": "UA",
          "Rank": 1143,
          "CoverUrl": "https://assets.ppy.sh/user-profile-covers/7587763/9696aa358604f286cd5f582cb7bb3fce3adbac235f26329c571fef6289bb21b9.png"
        },
        {
          "id": 6830745,
          "Username": "DaHuJka",
          "country_code": "RU",
          "Rank": 459,
          "CoverUrl": "https://assets.ppy.sh/user-profile-covers/6830745/89d61dd5177fde5b5858f1070132d11fc46a378e118fd8717bfa9bfc09298d6e.png"
        }
      ]
    },
    {
      "FullName": "Seegii",
      "FlagName": "MN",
      "Acronym": "SEE",
      "SeedingResults": [],
      "Seed": "",
      "LastYearPlacing": 1,
      "AverageRank": 578.625,
      "Players": [
        {
          "id": 4659319,
          "Username": "seegii",
          "country_code": "MN",
          "Rank": 701,
          "CoverUrl": "https://assets.ppy.sh/user-profile-covers/4659319/a027a85a0a7632faea42ac286b730b941d12de98a3a0cc0036b932ca2acde8f0.png"
        },
        {
          "id": 11443437,
          "Username": "mx10001",
          "country_code": "KR",
          "Rank": 26,
          "CoverUrl": "https://assets.ppy.sh/user-profile-covers/11443437/f6f94fec18f00a036e47b4c08ea31471fc1533f0ac84d8beb43e30bc607e5513.jpeg"
        },
        {
          "id": 10073635,
          "Username": "dench",
          "country_code": "UA",
          "Rank": 85,
          "CoverUrl": "https://assets.ppy.sh/user-profile-covers/10073635/736932f4e992fef45bcd3de8a3411ffc3304937ec6da1c122ea924a049d34497.jpeg"
        },
        {
          "id": 13705417,
          "Username": "RafGPio",
          "country_code": "UA",
          "Rank": 508,
          "CoverUrl": "https://assets.ppy.sh/user-profile-covers/13705417/d29ced489c9edb5ab918552c26edc1ac6335e8393f0d83cd83009fd5a811c9f3.jpeg"
        },
        {
          "id": 8698024,
          "Username": "defii",
          "country_code": "HU",
          "Rank": 367,
          "CoverUrl": "https://assets.ppy.sh/user-profile-covers/8698024/9b5fce27ba643612f7e61c3441fe8b251a947e8ae017e1773070a502243c45bf.jpeg"
        },
        {
          "id": 139670,
          "Username": "Vendemmia",
          "country_code": "KR",
          "Rank": 609,
          "CoverUrl": "https://assets.ppy.sh/user-profile-covers/139670/e51496adf929374478ab6de115410f493eebe4524c9f4bc8b50972137bd32254.jpeg"
        },
        {
          "id": 1195423,
          "Username": "[KOR]Kosaki",
          "country_code": "KR",
          "Rank": 1627,
          "CoverUrl": "https://assets.ppy.sh/user-profile-covers/1195423/9ca09a1b6b3f552869f8fe6c1d0e8fc5eebad575b591792458d79eed9f0ae044.jpeg"
        },
        {
          "id": 9322480,
          "Username": "kiir0chii",
          "country_code": "PL",
          "Rank": 706,
          "CoverUrl": "https://osu.ppy.sh/images/headers/profile-covers/c3.jpg"
        }
      ]
    },
    {
      "FullName": "DIO's Fan Club",
      "FlagName": "GB",
      "Acronym": "DIO",
      "SeedingResults": [],
      "Seed": "",
      "LastYearPlacing": 1,
      "AverageRank": 1023.5,
      "Players": [
        {
          "id": 5218178,
          "Username": "Malteser",
          "country_code": "GB",
          "Rank": 153,
          "CoverUrl": "https://assets.ppy.sh/user-profile-covers/5218178/6b44ee0887a4a0de6ccb3accb8e449bfa6207b3437d93026b2422e89e5235898.png"
        },
        {
          "id": 5199332,
          "Username": "Chicony",
          "country_code": "RU",
          "Rank": 5,
          "CoverUrl": "https://osu.ppy.sh/images/headers/profile-covers/c2.jpg"
        },
        {
          "id": 11198996,
          "Username": "A21",
          "country_code": "HK",
          "Rank": 68,
          "CoverUrl": "https://assets.ppy.sh/user-profile-covers/11198996/f1b7ae99c226a616170eabc34cde5f1141a292feece44b7a6f0e848ef874bb74.jpeg"
        },
        {
          "id": 4346274,
          "Username": "Vitya1437",
          "country_code": "RU",
          "Rank": 1254,
          "CoverUrl": "https://assets.ppy.sh/user-profile-covers/4346274/5043454ca8f503da17891254400f539d60d8bac8d21ecabdd3b48c2715fab0a6.jpeg"
        },
        {
          "id": 7537133,
          "Username": "megumic",
          "country_code": "SG",
          "Rank": 996,
          "CoverUrl": "https://assets.ppy.sh/user-profile-covers/7537133/31b8d002020bb6e08937e65560c7b37cab54603db354ce0856ab83978c6fb1fb.jpeg"
        },
        {
          "id": 8445602,
          "Username": "Suzuha",
          "country_code": "RU",
          "Rank": 1234,
          "CoverUrl": "https://assets.ppy.sh/user-profile-covers/8445602/aa82f5332b5012dc6e8446a4beb3fb3d2e4744b3939dd1bf81e5eafe21497e1b.png"
        },
        {
          "id": 14806365,
          "Username": "chests",
          "country_code": "TH",
          "Rank": 4202,
          "CoverUrl": "https://assets.ppy.sh/user-profile-covers/14806365/6a236df6ec6eeb31fd713d1af4c176e522f3feae19cba2df01f5ddf2bd8320d0.jpeg"
        },
        {
          "id": 10162611,
          "Username": "cedru",
          "country_code": "EE",
          "Rank": 276,
          "CoverUrl": "https://assets.ppy.sh/user-profile-covers/10162611/445f576d2f05737715385363e1e3cc982fa81f578ea4ffa6c69a44b6427c9cd9.jpeg"
        }
      ]
    },
    {
      "FullName": "DrKimCzechMcLava",
      "FlagName": "RO",
      "Acronym": "DRK",
      "SeedingResults": [],
      "Seed": "",
      "LastYearPlacing": 1,
      "AverageRank": 779.375,
      "Players": [
        {
          "id": 9719351,
          "Username": "Lucrise",
          "country_code": "RO",
          "Rank": 498,
          "CoverUrl": "https://assets.ppy.sh/user-profile-covers/9719351/f33306978c8d940d65e261d70a1ff6e9e085758a239f4441472c21e690974abd.jpeg"
        },
        {
          "id": 1473890,
          "Username": "badeu",
          "country_code": "RO",
          "Rank": 80,
          "CoverUrl": "https://assets.ppy.sh/user-profile-covers/1473890/a45f1ab5f5f94be77f0af7d1664e6c783cb90b8aef41e7e6a947ebc56586ab51.jpeg"
        },
        {
          "id": 8007528,
          "Username": "Raikouhou",
          "country_code": "TR",
          "Rank": 58,
          "CoverUrl": "https://assets.ppy.sh/user-profile-covers/8007528/c44acec10d8ce1c13de5088d893cdde07fa6aa3661f5ca620d5ed6179f129ddc.jpeg"
        },
        {
          "id": 11129034,
          "Username": "_sPekTrE",
          "country_code": "KR",
          "Rank": 545,
          "CoverUrl": "https://assets.ppy.sh/user-profile-covers/11129034/c9f30eedc200cd2a038bf859910ab39254ac6da393fd9517db23057f41654046.jpeg"
        },
        {
          "id": 9938943,
          "Username": "CS2",
          "country_code": "AU",
          "Rank": 225,
          "CoverUrl": "https://assets.ppy.sh/user-profile-covers/9938943/880f44a1dc3cfa2caf3086ad43635091d74ac5f8f9de8e43ab48da17f53b465c.jpeg"
        },
        {
          "id": 14958380,
          "Username": "Clutchx",
          "country_code": "TR",
          "Rank": 837,
          "CoverUrl": "https://assets.ppy.sh/user-profile-covers/14958380/897dd32d0fc412cb3a7564ba450f9faa6026e85677f969a62f7887d7f0fbfc3f.jpeg"
        },
        {
          "id": 3198446,
          "Username": "Sigmund Fraud",
          "country_code": "CZ",
          "Rank": 745,
          "CoverUrl": "https://assets.ppy.sh/user-profile-covers/3198446/109502263e02c68f65a89f59e72f6a69ad8cdefc0cfb73d5c6ac5ca546d5675f.jpeg"
        },
        {
          "id": 114017,
          "Username": "KRZY",
          "country_code": "KR",
          "Rank": 3247,
          "CoverUrl": "https://assets.ppy.sh/user-profile-covers/114017/0860a4d2bfe741d312adf47f12b08f50cd88b2c0fbab2e9a9a9711a83fa70931.png"
        }
      ]
    },
    {
      "FullName": "lolol235",
      "FlagName": "CN",
      "Acronym": "LOL",
      "SeedingResults": [],
      "Seed": "",
      "LastYearPlacing": 1,
      "AverageRank": 803.875,
      "Players": [
        {
          "id": 6090175,
          "Username": "lolol235",
          "country_code": "CN",
          "Rank": 882,
          "CoverUrl": "https://assets.ppy.sh/user-profile-covers/6090175/a0fc0d8c798550cca7d5322e8900dfc1f869d1c15377f3e0379066a3e03a13df.jpeg"
        },
        {
          "id": 8640970,
          "Username": "enri",
          "country_code": "PH",
          "Rank": 16,
          "CoverUrl": "https://assets.ppy.sh/user-profile-covers/8640970/6aa6cec30f39d9e846922a62c9719d873c84926c2f0da638e68661a630114b56.png"
        },
        {
          "id": 18092331,
          "Username": "Lesperry",
          "country_code": "TH",
          "Rank": 659,
          "CoverUrl": "https://assets.ppy.sh/user-profile-covers/18092331/fec0248868fd96e21637d6d82e58955a4e0ad76f598778f0d5af085f8a92eef0.png"
        },
        {
          "id": 10056419,
          "Username": "PaintedKoala",
          "country_code": "IL",
          "Rank": 636,
          "CoverUrl": "https://assets.ppy.sh/user-profile-covers/10056419/c640f5b49d5697194fb14a2ca20f183c6292143dc5306968149e7361f76e7339.jpeg"
        },
        {
          "id": 10592853,
          "Username": "Piper",
          "country_code": "KR",
          "Rank": 1206,
          "CoverUrl": "https://assets.ppy.sh/user-profile-covers/10592853/6d2f9f0efb6c0f431847b1bcf4807e63fa4a029c27b0bfbcfce2c50b24d7480d.jpeg"
        },
        {
          "id": 14447878,
          "Username": "mx10006",
          "country_code": "KR",
          "Rank": 1435,
          "CoverUrl": "https://osu.ppy.sh/images/headers/profile-covers/c7.jpg"
        },
        {
          "id": 12147277,
          "Username": "-Kedama",
          "country_code": "TH",
          "Rank": 445,
          "CoverUrl": "https://assets.ppy.sh/user-profile-covers/12147277/2607a41cf82f39937624b006ccaad867520d20a715bdd39d53f98bebd9faf561.gif"
        },
        {
          "id": 11213429,
          "Username": "kiwoth",
          "country_code": "RU",
          "Rank": 1152,
          "CoverUrl": "https://osu.ppy.sh/images/headers/profile-covers/c6.jpg"
        }
      ]
    },
    {
      "FullName": "Skrowell",
      "FlagName": "RU",
      "Acronym": "SKR",
      "SeedingResults": [],
      "Seed": "",
      "LastYearPlacing": 1,
      "AverageRank": 709.0,
      "Players": [
        {
          "id": 9694263,
          "Username": "Skrowell",
          "country_code": "RU",
          "Rank": 192,
          "CoverUrl": "https://osu.ppy.sh/images/headers/profile-covers/c6.jpg"
        },
        {
          "id": 11552867,
          "Username": "Welter",
          "country_code": "RU",
          "Rank": 94,
          "CoverUrl": "https://assets.ppy.sh/user-profile-covers/11552867/92462a7afbe91faf78ed26f4125f0038cdff23148603f15f6073fe01a05b7e89.jpeg"
        },
        {
          "id": 1876565,
          "Username": "Mastasz",
          "country_code": "PL",
          "Rank": 52,
          "CoverUrl": "https://assets.ppy.sh/user-profile-covers/1876565/6781078c77144e95dd007f4568dc94345abdd448becc630fd9cb43448f6ea91e.png"
        },
        {
          "id": 11226645,
          "Username": "JackPaX",
          "country_code": "GR",
          "Rank": 393,
          "CoverUrl": "https://assets.ppy.sh/user-profile-covers/11226645/e6f1fbac4cb31d7fb2a5242be9f3cdbee89636103f92531eea72746170f92cf0.jpeg"
        },
        {
          "id": 5413624,
          "Username": "Hibiki",
          "country_code": "HK",
          "Rank": 717,
          "CoverUrl": "https://assets.ppy.sh/user-profile-covers/5413624/d11ed49f3f1729f580cefb8ea84cb5c104b91f89c3fff57d92625e150286dd95.jpeg"
        },
        {
          "id": 3493804,
          "Username": "-Sylvari",
          "country_code": "PL",
          "Rank": 1890,
          "CoverUrl": "https://assets.ppy.sh/user-profile-covers/3493804/8736fab88ec92ff37810c44a5feede5929bcd8aa64d24fc350fcab5d9346e517.png"
        },
        {
          "id": 7774197,
          "Username": "Endura",
          "country_code": "RU",
          "Rank": 791,
          "CoverUrl": "https://assets.ppy.sh/user-profile-covers/7774197/1dfb68052e8d5591ded7a92db5a5895f801d7cbff14291b47b95643d5994cd3c.gif"
        },
        {
          "id": 2317789,
          "Username": "Diaostrophism",
          "country_code": "TW",
          "Rank": 1543,
          "CoverUrl": "https://assets.ppy.sh/user-profile-covers/2317789/fbe731dc3559552bbc62bc14feb394754c68866a2a5d5fe736977c8496cf395a.png"
        }
      ]
    },
    {
      "FullName": "steamhappy",
      "FlagName": "PL",
      "Acronym": "STE",
      "SeedingResults": [],
      "Seed": "",
      "LastYearPlacing": 1,
      "AverageRank": 1127.5,
      "Players": [
        {
          "id": 7787629,
          "Username": "rafal",
          "country_code": "PL",
          "Rank": 314,
          "CoverUrl": "https://assets.ppy.sh/user-profile-covers/7787629/8904eba2480d6e54e70d989c005b0dae0d2071b0094969c9f831a3fca90d9fa3.jpeg"
        },
        {
          "id": 2165650,
          "Username": "mcy4",
          "country_code": "HK",
          "Rank": 46,
          "CoverUrl": "https://osu.ppy.sh/images/headers/profile-covers/c2.jpg"
        },
        {
          "id": 6600930,
          "Username": "Zoomer",
          "country_code": "NZ",
          "Rank": 8,
          "CoverUrl": "https://assets.ppy.sh/user-profile-covers/6600930/2444bf38925536a7f36d60d7394589f8032112bf53767a0051cc385fc9638246.png"
        },
        {
          "id": 13767572,
          "Username": "Saiyku",
          "country_code": "NZ",
          "Rank": 88,
          "CoverUrl": "https://assets.ppy.sh/user-profile-covers/13767572/82a3780b02079b9f105b18acbf7e40fd364de027d7452a87c007550e4c94b3cd.png"
        },
        {
          "id": 4519494,
          "Username": "Spinesnight",
          "country_code": "TW",
          "Rank": 2338,
          "CoverUrl": "https://assets.ppy.sh/user-profile-covers/4519494/b3720886bb8019bcd0c954d39b0754ef98d29440641d6d7cd6306d87cbf037c7.jpeg"
        },
        {
          "id": 15293080,
          "Username": "Kim Suhye",
          "country_code": "NZ",
          "Rank": 155,
          "CoverUrl": "https://assets.ppy.sh/user-profile-covers/15293080/abbfbd372655cab2b2f90074d6409d520b2e2512f6aba9eed23ff87a833eba1a.png"
        },
        {
          "id": 2312106,
          "Username": "GSBlank",
          "country_code": "SG",
          "Rank": 1244,
          "CoverUrl": "https://assets.ppy.sh/user-profile-covers/2312106/e5ea5ba731a100d67cde31124c4bacccb1f56c25852372cb1ea251a4b7c8f114.jpeg"
        },
        {
          "id": 9323821,
          "Username": "HEDAYO",
          "country_code": "PL",
          "Rank": 4827,
          "CoverUrl": "https://assets.ppy.sh/user-profile-covers/9323821/996ccd179af6ea0759b2d01a5e172ce3938c7421d9066e1faeac2309720f0f8f.jpeg"
        }
      ]
    }
  ],
  "Progressions": [
    {
      "SourceID": 4,
      "TargetID": 7
    },
    {
      "SourceID": 14,
      "TargetID": 7
    },
    {
      "SourceID": 7,
      "TargetID": 8
    },
    {
      "SourceID": 19,
      "TargetID": 20
    },
    {
      "SourceID": 23,
      "TargetID": 20
    },
    {
      "SourceID": 20,
      "TargetID": 21
    },
    {
      "SourceID": 8,
      "TargetID": 9
    },
    {
      "SourceID": 21,
      "TargetID": 8
    },
    {
      "SourceID": 18,
      "TargetID": 19
    },
    {
      "SourceID": 22,
      "TargetID": 23
    },
    {
      "SourceID": 4,
      "TargetID": 19,
      "Losers": true
    },
    {
      "SourceID": 14,
      "TargetID": 23,
      "Losers": true
    },
    {
      "SourceID": 7,
      "TargetID": 21,
      "Losers": true
    }
  ],
  "ChromaKeyWidth": 1366,
  "PlayersPerTeam": 4,
  "AutoProgressScreens": true
}